PLAYER,RUNS,MAT,INNS,NO,HS,AVG,BF,SR,100,50,4S,6S,Year,TEAM,Price,TYPE
Sanath Jayasuriya,518,14,14,2,114*,43.16,309,167.63,1,2,58,31,2008,MI,42422250.0,All-rounder
Shane Watson,472,15,15,5,76*,47.2,311,151.76,0,4,47,19,2008,RR,5438750.0,All-rounder
Yusuf Pathan,435,16,15,1,68,31.07,243,179.01,0,4,43,25,2008,RR,20667250.0,All-rounder
Albie Morkel,241,13,10,3,71,34.42,163,147.85,0,1,18,14,2008,CSK,29369250.0,All-rounder
James Hopes,221,11,11,0,71,20.09,148,149.32,0,2,27,8,2008,PBKS,13053000.0,All-rounder
Jacques Kallis,199,11,11,0,54,18.09,183,108.74,0,1,23,4,2008,RCB,39159000.0,All-rounder
Virat Kohli,165,13,12,1,38,15.0,157,105.09,0,0,18,4,2008,RCB,2175500.0,All-rounder
Andrew Symonds,161,4,3,1,117*,80.5,105,153.33,1,0,15,9,2008,DEC,58738500.0,All-rounder
Shaun Pollock,147,13,8,0,33,18.37,111,132.43,0,0,12,8,2008,MI,23930500.0,All-rounder
Irfan Pathan,131,14,10,4,40,21.83,116,112.93,0,0,9,6,2008,PBKS,40246750.0,All-rounder
Cameron White,114,8,8,1,31*,16.28,102,111.76,0,0,8,4,2008,RCB,21755000.0,All-rounder
Scott Styris,112,8,8,2,36*,18.66,123,91.05,0,0,9,2,2008,DEC,7614250.0,All-rounder
Tillakaratne Dilshan,104,7,7,1,33,17.33,79,131.64,0,0,14,3,2008,DC,10877500.0,All-rounder
Shreevats Goswami,82,4,3,0,52,27.33,85,96.47,0,1,9,1,2008,RCB,1305300.0,All-rounder
Shahid Afridi,81,10,9,1,33,10.12,46,176.08,0,0,7,6,2008,DEC,29369250.0,All-rounder
Ajit Agarkar,54,9,6,1,20,10.8,46,117.39,0,0,5,2,2008,KKR,15228500.0,All-rounder
Shoaib Malik,52,7,5,1,24,13.0,47,110.63,0,0,5,0,2008,DC,21755000.0,All-rounder
Saurabh Tiwary,26,3,2,0,17,13.0,20,130.0,0,0,3,1,2008,MI,2175500.0,All-rounder
Mohammad Hafeez,20,8,3,1,13,10.0,22,90.9,0,0,2,1,2008,KKR,4351000.0,All-rounder
Jacob Oram,18,4,3,2,13,18.0,12,150.0,0,0,1,1,2008,CSK,29369250.0,All-rounder
Joginder Sharma,16,8,3,1,16,8.0,11,145.45,0,0,1,1,2008,CSK,9789750.0,All-rounder
Taruwar Kohli,10,2,2,0,7,5.0,15,66.66,0,0,0,1,2008,RR,1305300.0,All-rounder
Dimitri Mascarenhas,9,1,1,0,9,9.0,8,112.5,0,0,0,1,2008,RR,4351000.0,All-rounder
Tanmay Srivastava,8,5,2,1,7,8.0,10,80.0,0,0,0,0,2008,PBKS,2175500.0,All-rounder
Manish Pandey,3,3,2,0,3,1.5,9,33.33,0,0,0,0,2008,MI,1305300.0,All-rounder
Pradeep Sangwan,2,7,2,0,2,1.0,5,40.0,0,0,0,0,2008,DC,2175500.0,All-rounder
Iqbal Abdulla,1,1,1,1,1*,0.0,2,50.0,0,0,0,0,2008,KKR,1305300.0,All-rounder
Abhinav Mukund,0,2,1,0,0*,0.0,1,0.0,0,0,0,0,2008,CSK,2175500.0,All-rounder
JP Duminy,372,13,12,3,62,41.33,325,114.46,0,5,26,11,2009,MI,46550000.0,All-rounder
Dwayne Smith,215,8,8,0,49,26.87,132,162.87,0,0,12,15,2009,DEC,4900000.0,All-rounder
Ravi Bopara,138,5,5,0,84,27.6,119,115.96,0,1,8,7,2009,PBKS,22050000.0,All-rounder
Andrew Flintoff,62,3,3,1,24,31.0,53,116.98,0,0,5,2,2009,CSK,75950000.0,All-rounder
Jesse Ryder,56,5,5,0,32,11.2,49,114.28,0,0,9,0,2009,RCB,7840000.0,All-rounder
Tyron Henderson,11,2,2,0,11,5.5,16,68.75,0,0,0,1,2009,RR,31850000.0,All-rounder
Ravindra Jadeja,283,14,12,3,47,31.44,228,124.12,0,0,20,14,2011,KTK,98000000.0,All-rounder
Thisara Perera,23,4,2,0,22,11.5,27,85.18,0,0,4,0,2011,KTK,31850000.0,All-rounder
Ramesh Powar,11,5,3,2,8*,11.0,13,84.61,0,0,0,0,2011,KTK,7840000.0,All-rounder
Ravindra Jadeja,191,19,14,2,48,15.91,151,126.49,0,0,13,9,2012,CSK,104000000.0,All-rounder
Azhar Mahmood,186,11,10,2,36,23.25,142,130.98,0,0,16,8,2012,PBKS,10400000.0,All-rounder
Andre Russell,47,4,2,0,31,23.5,26,180.76,0,0,3,3,2012,DC,23400000.0,All-rounder
James Faulkner,14,2,2,1,11*,14.0,13,107.69,0,0,0,0,2012,PBKS,9880000.0,All-rounder
Thisara Perera,4,2,2,1,4*,4.0,9,44.44,0,0,0,0,2012,MI,33800000.0,All-rounder
Thisara Perera,233,16,14,4,40,23.3,163,142.94,0,0,12,14,2013,SRH,40500000.0,All-rounder
Darren Sammy,174,10,9,3,60,29.0,132,131.81,0,1,11,10,2013,SRH,25500000.0,All-rounder
Moises Henriques,165,10,9,5,44,41.25,125,132.0,0,0,20,3,2013,RCB,18000000.0,All-rounder
Abhishek Nayar,66,11,9,3,25*,11.0,73,90.41,0,0,5,0,2013,PWI,40500000.0,All-rounder
James Faulkner,57,16,9,4,19*,11.4,57,100.0,0,0,5,2,2013,RR,24000000.0,All-rounder
Johan Botha,43,6,6,0,23,7.16,52,82.69,0,0,5,1,2013,DC,27000000.0,All-rounder
Glenn Maxwell,36,3,3,1,23,18.0,27,133.33,0,0,1,4,2013,MI,60000000.0,All-rounder
Jeevan Mendis,23,3,3,0,12,7.66,27,85.18,0,0,0,0,2013,DC,3000000.0,All-rounder
Glenn Maxwell,552,16,16,0,95,34.5,294,187.75,0,4,48,36,2014,PBKS,60000000.0,All-rounder
Yuvraj Singh,376,14,14,3,83,34.18,278,135.25,0,3,22,28,2014,RCB,140000000.0,All-rounder
Yusuf Pathan,268,15,12,3,72,29.77,165,162.42,0,1,15,20,2014,KKR,32500000.0,All-rounder
Corey Anderson,265,12,11,2,95*,29.44,181,146.4,0,1,21,15,2014,MI,45000000.0,All-rounder
Shakib Al Hasan,227,13,11,4,60,32.42,152,149.34,0,1,22,7,2014,KKR,28000000.0,All-rounder
Jacques Kallis,151,8,7,1,72,25.16,129,117.05,0,1,13,4,2014,KKR,55000000.0,All-rounder
Darren Sammy,108,10,9,2,29,15.42,91,118.68,0,0,4,8,2014,SRH,35000000.0,All-rounder
Rishi Dhawan,82,13,6,4,23*,41.0,75,109.33,0,0,8,1,2014,PBKS,30000000.0,All-rounder
Rajat Bhatia,67,12,7,2,23,13.4,53,126.41,0,0,4,3,2014,RR,17000000.0,All-rounder
Mitchell Johnson,56,14,8,5,16*,18.66,50,112.0,0,0,4,3,2014,PBKS,65000000.0,All-rounder
Irfan Pathan,55,10,6,4,23*,27.5,54,101.85,0,0,5,0,2014,SRH,24000000.0,All-rounder
Albie Morkel,45,7,5,2,16,15.0,41,109.75,0,0,1,3,2014,RCB,24000000.0,All-rounder
Abhishek Nayar,43,5,4,1,23,14.33,47,91.48,0,0,5,1,2014,RR,10000000.0,All-rounder
Kevon Cooper,39,5,5,2,32,13.0,26,150.0,0,0,2,3,2014,RR,3000000.0,All-rounder
Mithun Manhas,35,12,5,3,13*,17.5,23,152.17,0,0,3,1,2014,CSK,37500000.0,All-rounder
Laxmi Ratan Shukla,31,5,3,0,21,10.33,38,81.57,0,0,2,1,2014,DC,9000000.0,All-rounder
Rahul Tewatia,16,3,1,0,16,16.0,13,123.07,0,0,0,1,2014,RR,1000000.0,All-rounder
Moises Henriques,9,4,2,0,9,4.5,14,64.28,0,0,1,0,2014,SRH,10000000.0,All-rounder
Andre Russell,2,2,2,0,1,1.0,8,25.0,0,0,0,0,2014,KKR,6000000.0,All-rounder
Karanveer Singh,1,5,1,1,1*,0.0,1,100.0,0,0,0,0,2014,PBKS,1000000.0,All-rounder
Ravi Bopara,145,9,8,3,41,29.0,120,120.83,0,0,6,6,2015,SRH,10000000.0,All-rounder
Angelo Mathews,144,11,10,3,28,20.57,104,138.46,0,0,12,6,2015,DC,18000000.0,All-rounder
David Wiese,122,14,7,3,47*,30.5,86,141.86,0,0,12,4,2015,RCB,28000000.0,All-rounder
Hardik Pandya,112,9,8,3,61*,22.4,62,180.64,0,1,9,8,2015,MI,1000000.0,All-rounder
Albie Morkel,86,4,3,2,73*,86.0,65,132.3,0,1,9,2,2015,DC,3000000.0,All-rounder
Kane Williamson,31,2,2,1,26*,31.0,27,114.81,0,0,1,1,2015,SRH,6000000.0,All-rounder
Darren Sammy,13,2,2,0,7,6.5,18,72.22,0,0,0,0,2015,RCB,28000000.0,All-rounder
Dwayne Smith,324,12,12,1,73,29.45,221,146.6,0,3,35,16,2016,GL,43500000.0,All-rounder
Krunal Pandya,237,12,9,3,86,39.5,124,191.12,0,1,22,13,2016,MI,20000000.0,All-rounder
Yuvraj Singh,236,10,10,1,44,26.22,179,131.84,0,0,22,13,2016,SRH,70000000.0,All-rounder
Shane Watson,179,16,15,2,36,13.76,134,133.58,0,0,14,12,2016,RCB,95000000.0,All-rounder
Thisara Perera,150,12,10,3,34,21.42,93,161.29,0,0,7,11,2016,RPS,10000000.0,All-rounder
Marcus Stoinis,146,7,5,1,52,36.5,108,135.18,0,1,13,4,2016,PBKS,1200000.0,All-rounder
Deepak Hooda,144,17,15,1,34,10.28,121,119.0,0,0,9,5,2016,SRH,42000000.0,All-rounder
Carlos Brathwaite,83,8,6,0,34,13.83,38,218.42,0,0,6,8,2016,DC,1200000.0,All-rounder
Ben Cutting,65,4,4,2,39*,32.5,34,191.17,0,0,4,6,2016,SRH,5000000.0,All-rounder
Stuart Binny,63,14,6,3,21,21.0,39,161.53,0,0,5,4,2016,RCB,20000000.0,All-rounder
Pawan Negi,57,8,6,4,19*,28.5,59,96.61,0,0,2,3,2016,DC,37500000.0,All-rounder
Rajat Bhatia,34,10,6,5,21,34.0,20,170.0,0,0,1,2,2016,RPS,6000000.0,All-rounder
Colin Munro,30,4,3,0,16,10.0,30,100.0,0,0,3,0,2016,KKR,3000000.0,All-rounder
Rajagopal Sathish,24,4,3,0,10,8.0,24,100.0,0,0,1,1,2016,KKR,2000000.0,All-rounder
Jason Holder,22,4,4,0,13,5.5,19,115.78,0,0,2,1,2016,KKR,7000000.0,All-rounder
Akshdeep Nath,20,4,3,0,12,6.66,27,74.07,0,0,1,0,2016,GL,6000000.0,All-rounder
Farhaan Behardien,14,3,3,1,9*,7.0,13,107.69,0,0,2,0,2016,PBKS,3000000.0,All-rounder
Irfan Pathan,11,4,3,0,7,3.66,13,84.61,0,0,0,0,2016,RPS,10000000.0,All-rounder
Mitchell Marsh,7,3,1,0,7,7.0,11,63.63,0,0,0,0,2016,RPS,48000000.0,All-rounder
Ankit Sharma,3,3,1,1,3*,0.0,3,100.0,0,0,0,0,2016,RPS,1000000.0,All-rounder
Shadab Jakati,1,6,1,1,1*,0.0,2,50.0,0,0,0,0,2016,GL,31500000.0,All-rounder
Swapnil Singh,0,1,1,0,0*,0.0,1,0.0,0,0,0,0,2016,PBKS,1000000.0,All-rounder
Pawan Negi,144,12,10,2,35,18.0,111,129.72,0,0,10,7,2017,RCB,10000000.0,All-rounder
Corey Anderson,142,11,11,4,41*,20.28,123,115.44,0,0,8,9,2017,DC,1200000.0,All-rounder
Karn Sharma,49,9,6,0,19,8.16,41,119.51,0,0,5,2,2017,MI,32000000.0,All-rounder
Chris Woakes,46,13,7,3,18,11.5,47,97.87,0,0,4,1,2017,KKR,6000000.0,All-rounder
Angelo Mathews,32,3,2,0,31,16.0,27,118.51,0,0,2,1,2017,DC,1200000.0,All-rounder
Rahul Tewatia,19,3,2,1,15*,19.0,11,172.72,0,0,4,0,2017,PBKS,18000000.0,All-rounder
Mohammad Nabi,2,3,1,0,2,2.0,3,66.66,0,0,0,0,2017,SRH,3000000.0,All-rounder
Akshdeep Nath,0,1,1,0,0*,0.0,1,0.0,0,0,0,0,2017,GL,24000000.0,All-rounder
Chris Jordan,0,1,1,0,0*,0.0,1,0.0,0,0,0,0,2017,SRH,5000000.0,All-rounder
Shane Watson,555,15,15,1,117*,39.64,359,154.59,2,2,44,35,2018,CSK,1200000.0,All-rounder
Nitish Rana,304,15,15,2,59,23.38,232,131.03,0,1,26,14,2018,KKR,34000000.0,All-rounder
Yusuf Pathan,260,15,13,4,45*,28.88,200,130.0,0,0,22,11,2018,SRH,19000000.0,All-rounder
Mandeep Singh,252,14,13,3,47*,25.2,186,135.48,0,0,16,11,2018,RCB,14000000.0,All-rounder
Shakib Al Hasan,239,17,13,2,35,21.72,197,121.31,0,0,26,5,2018,SRH,20000000.0,All-rounder
Krunal Pandya,228,14,13,3,41*,22.8,157,145.22,0,0,22,10,2018,MI,88000000.0,All-rounder
Vijay Shankar,212,13,11,7,54*,53.0,148,143.24,0,1,11,11,2018,DC,18000000.0,All-rounder
Glenn Maxwell,169,12,12,0,47,14.08,120,140.83,0,0,14,9,2018,DC,12600000.0,All-rounder
Dwayne Bravo,141,16,10,6,68,35.25,91,154.94,0,1,8,10,2018,CSK,36000000.0,All-rounder
Kieron Pollard,133,9,8,1,50,19.0,100,133.0,0,1,10,7,2018,MI,54000000.0,All-rounder
Ravichandran Ashwin,102,14,9,1,45,12.75,71,143.66,0,0,7,5,2018,PBKS,76000000.0,All-rounder
Marcus Stoinis,99,7,7,3,29*,24.75,76,130.26,0,0,6,4,2018,PBKS,62000000.0,All-rounder
Ben Cutting,96,9,6,2,37,24.0,58,165.51,0,0,5,8,2018,MI,22000000.0,All-rounder
Deepak Hooda,87,9,8,4,32*,21.75,81,107.4,0,0,2,3,2018,SRH,36000000.0,All-rounder
Moeen Ali,77,5,4,0,65,19.25,46,167.39,0,1,4,6,2018,RCB,17000000.0,All-rounder
Carlos Brathwaite,75,4,4,1,43*,25.0,48,156.25,0,0,1,8,2018,SRH,20000000.0,All-rounder
Yuvraj Singh,65,8,6,0,20,10.83,73,89.04,0,0,6,2,2018,PBKS,20000000.0,All-rounder
Abhishek Sharma,63,3,3,2,46*,63.0,33,190.9,0,0,3,5,2018,DC,5500000.0,All-rounder
Colin Munro,63,5,5,0,33,12.6,41,153.65,0,0,7,4,2018,DC,40500000.0,All-rounder
Harshal Patel,60,5,2,1,36*,60.0,33,181.81,0,0,1,6,2018,DC,2000000.0,All-rounder
Rahul Tewatia,50,8,5,2,24,16.66,43,116.27,0,0,5,1,2018,DC,17400000.0,All-rounder
Shreyas Gopal,50,11,4,1,24,16.66,45,111.11,0,0,5,0,2018,RR,2000000.0,All-rounder
Deepak Chahar,50,12,4,1,39,16.66,29,172.41,0,0,1,4,2018,CSK,60000000.0,All-rounder
Stuart Binny,44,7,5,0,22,8.8,39,112.82,0,0,2,2,2018,RR,5000000.0,All-rounder
Kedar Jadhav,24,1,1,1,24*,0.0,22,109.09,0,0,1,2,2018,CSK,37500000.0,All-rounder
Mahipal Lomror,20,2,2,1,11,20.0,21,95.23,0,0,1,0,2018,RR,2000000.0,All-rounder
Mohammad Nabi,18,2,2,0,14,9.0,12,150.0,0,0,3,0,2018,SRH,10000000.0,All-rounder
Chris Woakes,17,5,4,2,11,8.5,19,89.47,0,0,1,1,2018,RCB,74000000.0,All-rounder
Jofra Archer,15,10,8,3,8,3.0,21,71.42,0,0,2,0,2018,RR,72000000.0,All-rounder
Shivam Mavi,13,9,4,1,7,4.33,15,86.66,0,0,1,0,2018,KKR,30000000.0,All-rounder
Akshdeep Nath,9,1,1,0,9,9.0,13,69.23,0,0,1,0,2018,PBKS,10000000.0,All-rounder
Dhruv Shorey,8,1,1,0,8,8.0,9,88.88,0,0,0,1,2018,CSK,40500000.0,All-rounder
Pawan Negi,3,2,2,0,3,1.5,5,60.0,0,0,0,0,2018,RCB,10000000.0,All-rounder
Riyan Parag,160,7,5,0,50,32.0,126,126.98,0,1,17,5,2019,RR,2000000.0,All-rounder
Yuvraj Singh,98,4,4,0,53,24.5,75,130.66,0,1,7,6,2019,MI,6000000.0,All-rounder
Sam Curran,95,9,8,4,55*,23.75,55,172.72,0,1,13,3,2019,PBKS,27000000.0,All-rounder
Sherfane Rutherford,73,7,7,2,28*,14.6,54,135.18,0,0,2,7,2019,DC,27000000.0,All-rounder
Liam Livingstone,71,4,4,1,44,23.66,48,147.91,0,0,6,5,2019,RR,5000000.0,All-rounder
Akshdeep Nath,61,8,5,0,24,12.2,57,107.01,0,0,5,2,2019,RCB,36000000.0,All-rounder
Shivam Dube,40,4,4,1,24,13.33,33,121.21,0,0,1,3,2019,RCB,50000000.0,All-rounder
Harpreet Brar,20,2,1,1,20*,0.0,12,166.66,0,0,2,1,2019,PBKS,1200000.0,All-rounder
Prayas Ray Barman,19,1,1,0,19,19.0,24,79.16,0,0,2,0,2019,RCB,15000000.0,All-rounder
Keemo Paul,18,8,6,1,7,3.6,24,75.0,0,0,1,1,2019,DC,3000000.0,All-rounder
Carlos Brathwaite,11,2,2,0,6,5.5,10,110.0,0,0,1,0,2019,KKR,24000000.0,All-rounder
Ashton Turner,3,4,4,1,3*,1.0,10,30.0,0,0,0,0,2019,RR,5000000.0,All-rounder
Marcus Stoinis,352,17,17,3,65,25.14,237,148.52,0,3,31,16,2020,DC,27000000.0,All-rounder
Sam Curran,186,14,11,3,52,23.25,141,131.91,0,1,12,12,2020,CSK,36000000.0,All-rounder
Abdul Samad,111,12,8,3,33,22.2,65,170.76,0,0,8,6,2020,SRH,2000000.0,All-rounder
Glenn Maxwell,108,13,11,4,32,15.42,106,101.88,0,0,9,0,2020,PBKS,60000000.0,All-rounder
Deepak Hooda,101,7,5,4,62*,101.0,71,142.25,0,1,5,5,2020,PBKS,43500000.0,All-rounder
Tom Curran,83,5,4,3,54*,83.0,62,133.87,0,1,5,3,2020,RR,24000000.0,All-rounder
Yashasvi Jaiswal,40,3,3,0,34,13.33,44,90.9,0,0,2,2,2020,RR,1200000.0,All-rounder
Chris Jordan,29,9,5,2,13,9.66,31,93.54,0,0,2,0,2020,PBKS,24000000.0,All-rounder
Isuru Udana,15,10,4,1,10*,5.0,11,136.36,0,0,1,1,2020,RCB,1200000.0,All-rounder
Mitchell Marsh,0,1,1,0,0*,0.0,1,0.0,0,0,0,0,2020,SRH,20000000.0,All-rounder
Glenn Maxwell,513,15,14,2,78,42.75,356,144.1,0,6,48,21,2021,RCB,142500000.0,All-rounder
Venkatesh Iyer,370,10,10,1,67,41.11,288,128.47,0,4,37,14,2021,KKR,40500000.0,All-rounder
Moeen Ali,357,15,15,1,58,25.5,260,137.3,0,1,31,19,2021,CSK,36000000.0,All-rounder
Shivam Dube,230,9,9,1,64*,28.75,193,119.17,0,1,18,10,2021,RR,44000000.0,All-rounder
Shahrukh Khan,153,11,10,3,47,21.85,114,134.21,0,0,9,10,2021,PBKS,40500000.0,All-rounder
Kyle Jamieson,65,9,7,3,16*,16.25,55,118.18,0,0,5,3,2021,RCB,150000000.0,All-rounder
Kedar Jadhav,55,6,5,1,19,13.75,52,105.76,0,0,2,2,2021,SRH,20000000.0,All-rounder
Shakib Al Hasan,47,8,6,1,26,9.4,48,97.91,0,0,3,1,2021,KKR,24000000.0,All-rounder
Liam Livingstone,42,5,5,0,25,8.4,41,102.43,0,0,3,1,2021,RR,7500000.0,All-rounder
Moises Henriques,31,5,4,2,14,15.5,32,96.87,0,0,0,1,2021,PBKS,25500000.0,All-rounder
Dawid Malan,26,1,1,0,26,26.0,26,100.0,0,0,1,1,2021,PBKS,6000000.0,All-rounder
Ripal Patel,25,2,2,1,18,25.0,27,92.59,0,0,3,0,2021,DC,37500000.0,All-rounder
Tom Curran,21,3,2,1,21,21.0,17,123.52,0,0,2,0,2021,DC,15600000.0,All-rounder
Dan Christian,14,9,7,1,9,2.33,24,58.33,0,0,1,0,2021,RCB,48000000.0,All-rounder
Fabian Allen,6,4,3,2,6,6.0,12,50.0,0,0,0,0,2021,PBKS,6000000.0,All-rounder
Marco Jansen,0,2,2,0,0*,0.0,3,0.0,0,0,0,0,2021,MI,17400000.0,All-rounder
Deepak Hooda,451,15,14,0,59,32.21,330,136.66,0,4,36,18,2022,LSG,57500000.0,All-rounder
Liam Livingstone,437,14,14,2,70,36.42,240,182.08,0,4,29,34,2022,PBKS,115000000.0,All-rounder
Abhishek Sharma,426,14,14,0,75,30.43,320,133.12,0,2,47,13,2022,SRH,65000000.0,All-rounder
Nitish Rana,361,14,14,1,57,27.77,251,143.82,0,2,29,22,2022,KKR,80000000.0,All-rounder
Shivam Dube,289,11,11,1,95*,28.90,185,156.21,0,2,22,16,2022,CSK,1200000.0,All-rounder
Mitchell Marsh,251,8,8,0,89,31.38,189,132.8,0,2,19,14,2022,DC,12600000.0,All-rounder
Rahul Tewatia,217,16,12,5,43*,31.00,147,147.61,0,0,22,9,2022,GT,90000000.0,All-rounder
Tim David,186,8,8,3,46,37.20,86,216.27,0,0,12,16,2022,MI,82500000.0,All-rounder
Riyan Parag,183,17,14,3,56*,16.64,132,138.63,0,1,11,10,2022,RR,38000000.0,All-rounder
Krunal Pandya,183,14,13,4,42,20.33,145,126.2,0,0,16,4,2022,LSG,82500000.0,All-rounder
Ayush Badoni,161,13,11,3,54,20.13,130,123.84,0,1,11,7,2022,LSG,2000000.0,All-rounder
Lalit Yadav,161,12,8,1,48*,23.00,146,110.27,0,0,11,7,2022,DC,25500000.0,All-rounder
Shahrukh Khan,117,8,8,1,26,16.71,108,108.33,0,0,4,9,2022,PBKS,90000000.0,All-rounder
Washington Sundar,101,9,7,0,40,14.43,69,146.37,0,0,9,3,2022,SRH,87500000.0,All-rounder
Sarfaraz Khan,91,6,5,2,36*,30.33,67,135.82,0,0,9,2,2022,DC,2000000.0,All-rounder
Mahipal Lomror,86,7,5,0,42,17.20,57,150.87,0,0,7,4,2022,RCB,9500000.0,All-rounder
Shashank Singh,69,10,5,1,25*,17.25,47,146.8,0,0,5,4,2022,SRH,2000000.0,All-rounder
Pat Cummins,63,5,5,1,56*,15.75,24,262.5,0,1,5,6,2022,KKR,72500000.0,All-rounder
Romario Shepherd,58,3,3,1,26*,29.00,41,141.46,0,0,2,5,2022,SRH,77500000.0,All-rounder
Jason Holder,58,12,8,2,16,9.67,44,131.81,0,0,2,6,2022,LSG,87500000.0,All-rounder
Odean Smith,51,6,6,3,25*,17.00,44,115.9,0,0,1,5,2022,PBKS,60000000.0,All-rounder
Ramandeep Singh,45,5,4,2,14*,22.50,40,112.5,0,0,3,1,2022,MI,2000000.0,All-rounder
Dwaine Pretorius,44,6,5,1,22,11.00,28,157.14,0,0,3,3,2022,CSK,60000000.0,All-rounder
Harshal Patel,43,15,8,3,11,8.60,39,110.25,0,0,4,2,2022,RCB,107500000.0,All-rounder
Hrithik Shokeen,43,5,3,1,25,21.50,48,89.58,0,0,5,0,2022,MI,2000000.0,All-rounder
Daniel Sams,38,11,10,3,15,5.43,36,105.55,0,0,1,3,2022,MI,26000000.0,All-rounder
Wanindu Hasaranga,38,16,7,0,18,5.43,43,88.37,0,0,4,1,2022,RCB,107500000.0,All-rounder
Rishi Dhawan,37,6,4,2,21*,18.50,40,92.5,0,0,4,2,2022,PBKS,5500000.0,All-rounder
Daryl Mitchell,33,2,2,0,17,16.50,44,75.0,0,0,1,0,2022,RR,7500000.0,All-rounder
Sherfane Rutherford,33,3,2,0,28,16.50,50,66.0,0,0,1,1,2022,RCB,10000000.0,All-rounder
James Neesham,31,2,2,0,17,15.50,27,114.81,0,0,3,0,2022,RR,15000000.0,All-rounder
Dwayne Bravo,23,10,6,4,12,11.50,24,95.83,0,0,1,1,2022,CSK,1200000.0,All-rounder
Harpreet Brar,22,5,3,0,14,7.33,25,88.0,0,0,1,2,2022,PBKS,38000000.0,All-rounder
Mitchell Santner,22,6,4,2,11,11.00,27,81.48,0,0,3,0,2022,CSK,15600000.0,All-rounder
Vijay Shankar,19,4,4,0,13,4.75,35,54.28,0,0,1,0,2022,GT,14000000.0,All-rounder
David Willey,18,4,2,0,18,9.00,30,60.0,0,0,3,0,2022,RCB,20000000.0,All-rounder
Chris Jordan,11,4,2,1,6*,11.00,8,137.5,0,0,0,0,2022,CSK,1200000.0,All-rounder
Marco Jansen,9,8,3,2,8*,9.00,7,128.57,0,0,0,1,2022,SRH,42000000.0,All-rounder
Fabian Allen,8,1,1,0,8,8.00,7,114.28,0,0,1,0,2022,MI,7500000.0,All-rounder
Ripal Patel,6,2,1,0,6,6.00,3,200.0,0,0,0,1,2022,DC,2000000.0,All-rounder
Aman Khan,5,1,1,0,5,5.00,3,166.66,0,0,1,0,2022,KKR,2000000.0,All-rounder
Prerak Mankad,4,1,1,1,4*,-,1,400.0,0,0,1,0,2022,PBKS,2000000.0,All-rounder
Karan Sharma,4,1,1,0,4,4.00,4,100.0,0,0,1,0,2022,LSG,2000000.0,All-rounder
Shivam Mavi,3,6,3,1,2,1.50,7,42.85,0,0,0,0,2022,KKR,72500000.0,All-rounder
Pradeep Sangwan,2,3,1,0,2,2.00,5,40.0,0,0,0,0,2022,GT,2000000.0,All-rounder
Cameron Green,452,16,16,7,100*,50.22,282,160.28,1,2,40,22,2023,MI,175000000.0,All-rounder
Sam Curran,276,14,13,3,55,27.60,203,135.96,0,1,20,13,2023,PBKS,185000000.0,All-rounder
Sikandar Raza,139,7,7,2,57,27.80,98,141.83,0,1,10,6,2023,PBKS,5000000.0,All-rounder
Prerak Mankad,93,5,5,2,64*,31.00,72,129.16,0,1,12,2,2023,LSG,1200000.0,All-rounder
Vivrant Sharma,69,3,1,0,69,69.00,47,146.8,0,1,9,2,2023,SRH,26000000.0,All-rounder
David Wiese,21,3,3,2,12*,21.00,11,190.9,0,0,0,3,2023,KKR,24000000.0,All-rounder
Ben Stokes,15,2,2,0,8,7.50,14,107.14,0,0,2,0,2023,CSK,37500000.0,All-rounder
Jason Holder,12,8,3,1,11,6.00,11,109.09,0,0,0,1,2023,RR,57500000.0,All-rounder
Sanvir Singh,11,2,2,1,7,11.00,9,122.22,0,0,1,1,2023,SRH,2000000.0,All-rounder
Swapnil Singh,2,2,1,1,2*,-,4,50.0,0,0,0,0,2023,LSG,6000000.0,All-rounder
Mohit Rathee,1,1,1,1,1*,-,2,50.0,0,0,0,0,2023,PBKS,2000000.0,All-rounder
Daryl Mitchell,318,13,13,2,63,28.91,223,142.6,0,2,27,10,2024,CSK,37500000.0,All-rounder
Rachin Ravindra,222,10,10,0,61,22.20,138,160.86,0,1,22,12,2024,CSK,1200000.0,All-rounder
Ashutosh Sharma,189,11,9,2,61,27.00,113,167.25,0,1,10,15,2024,PBKS,2000000.0,All-rounder
Naman Dhir,140,7,7,1,62*,23.33,79,177.21,0,1,12,10,2024,MI,2000000.0,All-rounder
Pat Cummins,136,16,10,4,35*,22.67,95,143.15,0,0,9,8,2024,SRH,205000000.0,All-rounder
Shahrukh Khan,127,7,7,0,58,18.14,75,169.33,0,1,9,9,2024,GT,3000000.0,All-rounder
Ramandeep Singh,125,15,9,5,35,31.25,62,201.61,0,0,5,12,2024,KKR,40500000.0,All-rounder
Azmatullah Omarzai,42,7,4,0,17,10.50,33,127.27,0,0,2,2,2024,GT,24000000.0,All-rounder
Swapnil Singh,37,7,5,3,15*,18.50,21,176.19,0,0,3,3,2024,RCB,2000000.0,All-rounder
Mohammad Nabi,35,7,5,1,23,8.75,31,112.9,0,0,2,2,2024,MI,15000000.0,All-rounder
Shardul Thakur,21,9,3,2,17,21.00,17,123.52,0,0,2,1,2024,CSK,1200000.0,All-rounder
Sumit Kumar,18,4,3,1,9*,9.00,24,75.0,0,0,2,1,2024,DC,18000000.0,All-rounder
Gerald Coetzee,14,10,5,1,8,3.50,22,63.63,0,0,0,1,2024,MI,50000000.0,All-rounder
Harshal Patel,13,14,4,1,12,4.33,19,68.42,0,0,1,1,2024,PBKS,117500000.0,All-rounder
Anshul Kamboj,2,3,1,1,2*,-,2,100.0,0,0,0,0,2024,MI,2000000.0,All-rounder
