{
"meta":{"test_sets":[],"test_metrics":[],"learn_metrics":[{"best_value":"Min","name":"RMSE"}],"launch_mode":"Train","parameters":"","iteration_count":1000,"learn_sets":["learn"],"name":"experiment"},
"iterations":[
{"learn":[27014845.23],"iteration":0,"passed_time":0.1669510198,"remaining_time":166.7840688},
{"learn":[26825315.33],"iteration":1,"passed_time":0.1677701971,"remaining_time":83.71732834},
{"learn":[26674340.23],"iteration":2,"passed_time":0.1685334347,"remaining_time":56.00927812},
{"learn":[26508279.47],"iteration":3,"passed_time":0.169247939,"remaining_time":42.14273681},
{"learn":[26355427.9],"iteration":4,"passed_time":0.1699669473,"remaining_time":33.82342252},
{"learn":[26220049.81],"iteration":5,"passed_time":0.1707229185,"remaining_time":28.28309683},
{"learn":[26101908.03],"iteration":6,"passed_time":0.1714597727,"remaining_time":24.32279347},
{"learn":[25967834.9],"iteration":7,"passed_time":0.1721859774,"remaining_time":21.3510612},
{"learn":[25868482.8],"iteration":8,"passed_time":0.1742882499,"remaining_time":19.19107285},
{"learn":[25763658.37],"iteration":9,"passed_time":0.1751088184,"remaining_time":17.33577302},
{"learn":[25648950.24],"iteration":10,"passed_time":0.1759039683,"remaining_time":15.81536587},
{"learn":[25503701.95],"iteration":11,"passed_time":0.1766288919,"remaining_time":14.54244543},
{"learn":[25419660.32],"iteration":12,"passed_time":0.1774188493,"remaining_time":13.47018494},
{"learn":[25288699.19],"iteration":13,"passed_time":0.1782128342,"remaining_time":12.55127532},
{"learn":[25191552.22],"iteration":14,"passed_time":0.1790298996,"remaining_time":11.75629674},
{"learn":[25075393.02],"iteration":15,"passed_time":0.1797577457,"remaining_time":11.05510136},
{"learn":[24947113.67],"iteration":16,"passed_time":0.1805167935,"remaining_time":10.43811812},
{"learn":[24876577.98],"iteration":17,"passed_time":0.1812427881,"remaining_time":9.887800994},
{"learn":[24791415.17],"iteration":18,"passed_time":0.1819307088,"remaining_time":9.393369756},
{"learn":[24718220.76],"iteration":19,"passed_time":0.1826882314,"remaining_time":8.951723336},
{"learn":[24624318.77],"iteration":20,"passed_time":0.1834596523,"remaining_time":8.552714267},
{"learn":[24537522.32],"iteration":21,"passed_time":0.1842391744,"remaining_time":8.190268752},
{"learn":[24479670.48],"iteration":22,"passed_time":0.1846974612,"remaining_time":7.845626941},
{"learn":[24373221],"iteration":23,"passed_time":0.185487943,"remaining_time":7.54317635},
{"learn":[24298779.87],"iteration":24,"passed_time":0.1862798161,"remaining_time":7.264912827},
{"learn":[24198133.27],"iteration":25,"passed_time":0.1870601628,"remaining_time":7.007561482},
{"learn":[24111943.12],"iteration":26,"passed_time":0.1878653637,"remaining_time":6.77011107},
{"learn":[24025858.97],"iteration":27,"passed_time":0.188558429,"remaining_time":6.545671179},
{"learn":[23953943.25],"iteration":28,"passed_time":0.1894008809,"remaining_time":6.341663977},
{"learn":[23907682.65],"iteration":29,"passed_time":0.1901858878,"remaining_time":6.149343706},
{"learn":[23832991.63],"iteration":30,"passed_time":0.1908771315,"remaining_time":5.966449691},
{"learn":[23773964.38],"iteration":31,"passed_time":0.1916575705,"remaining_time":5.797641506},
{"learn":[23705796.65],"iteration":32,"passed_time":0.1924628693,"remaining_time":5.639745292},
{"learn":[23653797.62],"iteration":33,"passed_time":0.1932789338,"remaining_time":5.49139559},
{"learn":[23583352.16],"iteration":34,"passed_time":0.1941082701,"remaining_time":5.351842305},
{"learn":[23543801.34],"iteration":35,"passed_time":0.1948748207,"remaining_time":5.218314642},
{"learn":[23484065.18],"iteration":36,"passed_time":0.1956613089,"remaining_time":5.092482175},
{"learn":[23435355.08],"iteration":37,"passed_time":0.1964609449,"remaining_time":4.973563921},
{"learn":[23358328.62],"iteration":38,"passed_time":0.1972340213,"remaining_time":4.860048575},
{"learn":[23283089.01],"iteration":39,"passed_time":0.1980258843,"remaining_time":4.752621223},
{"learn":[23230644.88],"iteration":40,"passed_time":0.1988738471,"remaining_time":4.651707789},
{"learn":[23179460.85],"iteration":41,"passed_time":0.1997154343,"remaining_time":4.555413953},
{"learn":[23114017.85],"iteration":42,"passed_time":0.2005034539,"remaining_time":4.462367566},
{"learn":[23092568.31],"iteration":43,"passed_time":0.2007605521,"remaining_time":4.361979269},
{"learn":[23059582.68],"iteration":44,"passed_time":0.2014426377,"remaining_time":4.275060422},
{"learn":[22998316.54],"iteration":45,"passed_time":0.2022409264,"remaining_time":4.194300952},
{"learn":[22914246.24],"iteration":46,"passed_time":0.2030065161,"remaining_time":4.11628106},
{"learn":[22884087.5],"iteration":47,"passed_time":0.2037862984,"remaining_time":4.041761585},
{"learn":[22835230.19],"iteration":48,"passed_time":0.204551892,"remaining_time":3.969976516},
{"learn":[22805690.02],"iteration":49,"passed_time":0.205276041,"remaining_time":3.900244779},
{"learn":[22744294.33],"iteration":50,"passed_time":0.2060235085,"remaining_time":3.833653129},
{"learn":[22695279.77],"iteration":51,"passed_time":0.2068188907,"remaining_time":3.77046747},
{"learn":[22655027.82],"iteration":52,"passed_time":0.2076167191,"remaining_time":3.709679867},
{"learn":[22607875.14],"iteration":53,"passed_time":0.2083412123,"remaining_time":3.649829385},
{"learn":[22569130.35],"iteration":54,"passed_time":0.2090947312,"remaining_time":3.592627655},
{"learn":[22511593.64],"iteration":55,"passed_time":0.2098642383,"remaining_time":3.537711446},
{"learn":[22475819.56],"iteration":56,"passed_time":0.2106392325,"remaining_time":3.484785898},
{"learn":[22418813.37],"iteration":57,"passed_time":0.2114128632,"remaining_time":3.433636502},
{"learn":[22377002.13],"iteration":58,"passed_time":0.2121871967,"remaining_time":3.384205968},
{"learn":[22308856.02],"iteration":59,"passed_time":0.2130212272,"remaining_time":3.337332559},
{"learn":[22281052.19],"iteration":60,"passed_time":0.213812974,"remaining_time":3.291317748},
{"learn":[22236001.07],"iteration":61,"passed_time":0.2145989479,"remaining_time":3.246674405},
{"learn":[22200455.32],"iteration":62,"passed_time":0.2152824347,"remaining_time":3.201899069},
{"learn":[22182880.36],"iteration":63,"passed_time":0.216047648,"remaining_time":3.159696852},
{"learn":[22152287.93],"iteration":64,"passed_time":0.2168352533,"remaining_time":3.119091721},
{"learn":[22130779.49],"iteration":65,"passed_time":0.2175970636,"remaining_time":3.079328142},
{"learn":[22074320.34],"iteration":66,"passed_time":0.2183281626,"remaining_time":3.04030113},
{"learn":[22045021.89],"iteration":67,"passed_time":0.2191065598,"remaining_time":3.003048731},
{"learn":[22013672.97],"iteration":68,"passed_time":0.2198755164,"remaining_time":2.96672617},
{"learn":[21976957.22],"iteration":69,"passed_time":0.2206423772,"remaining_time":2.931391583},
{"learn":[21952667.23],"iteration":70,"passed_time":0.2213746573,"remaining_time":2.896578263},
{"learn":[21929531.14],"iteration":71,"passed_time":0.2220961779,"remaining_time":2.862572959},
{"learn":[21904018.82],"iteration":72,"passed_time":0.2228575399,"remaining_time":2.829985473},
{"learn":[21865089.3],"iteration":73,"passed_time":0.2236131246,"remaining_time":2.798185857},
{"learn":[21819290.24],"iteration":74,"passed_time":0.2243932834,"remaining_time":2.767517161},
{"learn":[21772266.81],"iteration":75,"passed_time":0.2250712252,"remaining_time":2.736392265},
{"learn":[21764801.65],"iteration":76,"passed_time":0.2254758345,"remaining_time":2.702781756},
{"learn":[21723886.24],"iteration":77,"passed_time":0.2261656068,"remaining_time":2.673393455},
{"learn":[21698635.76],"iteration":78,"passed_time":0.2269200666,"remaining_time":2.64548584},
{"learn":[21675212.58],"iteration":79,"passed_time":0.2275970677,"remaining_time":2.617366278},
{"learn":[21643062.9],"iteration":80,"passed_time":0.2283365442,"remaining_time":2.590633137},
{"learn":[21605352.12],"iteration":81,"passed_time":0.2291162003,"remaining_time":2.564983803},
{"learn":[21564783.8],"iteration":82,"passed_time":0.2298991854,"remaining_time":2.539970519},
{"learn":[21536206.24],"iteration":83,"passed_time":0.2306482065,"remaining_time":2.515163776},
{"learn":[21499449.01],"iteration":84,"passed_time":0.2314285393,"remaining_time":2.491260158},
{"learn":[21440948.67],"iteration":85,"passed_time":0.2322131559,"remaining_time":2.467939819},
{"learn":[21408193.67],"iteration":86,"passed_time":0.2329718695,"remaining_time":2.444865711},
{"learn":[21379270.82],"iteration":87,"passed_time":0.233774556,"remaining_time":2.422754489},
{"learn":[21321932.76],"iteration":88,"passed_time":0.2345480488,"remaining_time":2.400823286},
{"learn":[21281304.55],"iteration":89,"passed_time":0.2352942913,"remaining_time":2.379086723},
{"learn":[21235945.69],"iteration":90,"passed_time":0.2360618166,"remaining_time":2.358024081},
{"learn":[21202810.76],"iteration":91,"passed_time":0.236816793,"remaining_time":2.337278783},
{"learn":[21151082.27],"iteration":92,"passed_time":0.2375576708,"remaining_time":2.316825886},
{"learn":[21109209.25],"iteration":93,"passed_time":0.2382668804,"remaining_time":2.296487166},
{"learn":[21062715.95],"iteration":94,"passed_time":0.2390003816,"remaining_time":2.276793109},
{"learn":[21049947.42],"iteration":95,"passed_time":0.2395655934,"remaining_time":2.255909338},
{"learn":[21009566.83],"iteration":96,"passed_time":0.2403196328,"remaining_time":2.237202355},
{"learn":[20955659.38],"iteration":97,"passed_time":0.2411370786,"remaining_time":2.219445356},
{"learn":[20897157.98],"iteration":98,"passed_time":0.2419505508,"remaining_time":2.201994407},
{"learn":[20862253.44],"iteration":99,"passed_time":0.2427387806,"remaining_time":2.184649025},
{"learn":[20815506.02],"iteration":100,"passed_time":0.2435062406,"remaining_time":2.167446637},
{"learn":[20792541.52],"iteration":101,"passed_time":0.244288405,"remaining_time":2.150695958},
{"learn":[20777113.68],"iteration":102,"passed_time":0.2448780085,"remaining_time":2.132578384},
{"learn":[20738947.64],"iteration":103,"passed_time":0.2456052741,"remaining_time":2.1159839},
{"learn":[20717099.38],"iteration":104,"passed_time":0.2463761999,"remaining_time":2.100063799},
{"learn":[20667924.46],"iteration":105,"passed_time":0.2471299391,"remaining_time":2.08428458},
{"learn":[20641228.98],"iteration":106,"passed_time":0.2478483268,"remaining_time":2.068491176},
{"learn":[20621204.25],"iteration":107,"passed_time":0.2486061583,"remaining_time":2.053302715},
{"learn":[20584226.22],"iteration":108,"passed_time":0.2493551946,"remaining_time":2.038307142},
{"learn":[20559643.81],"iteration":109,"passed_time":0.2500811391,"remaining_time":2.023383762},
{"learn":[20516923.56],"iteration":110,"passed_time":0.2509339149,"remaining_time":2.009731985},
{"learn":[20485911.26],"iteration":111,"passed_time":0.2517104657,"remaining_time":1.995704406},
{"learn":[20443579.68],"iteration":112,"passed_time":0.2525095638,"remaining_time":1.982088346},
{"learn":[20400206.09],"iteration":113,"passed_time":0.2532726426,"remaining_time":1.968417205},
{"learn":[20349633.47],"iteration":114,"passed_time":0.2540599215,"remaining_time":1.955156787},
{"learn":[20316477.45],"iteration":115,"passed_time":0.2549475696,"remaining_time":1.942876306},
{"learn":[20279026.71],"iteration":116,"passed_time":0.2557443657,"remaining_time":1.930104914},
{"learn":[20262606.39],"iteration":117,"passed_time":0.256579397,"remaining_time":1.917822273},
{"learn":[20230022.96],"iteration":118,"passed_time":0.2573817507,"remaining_time":1.905490104},
{"learn":[20194642.79],"iteration":119,"passed_time":0.2581698891,"remaining_time":1.893245853},
{"learn":[20180435.02],"iteration":120,"passed_time":0.2590802386,"remaining_time":1.882078758},
{"learn":[20156537.4],"iteration":121,"passed_time":0.259970499,"remaining_time":1.87093523},
{"learn":[20150417.5],"iteration":122,"passed_time":0.2605256105,"remaining_time":1.857568784},
{"learn":[20110421.08],"iteration":123,"passed_time":0.2613231285,"remaining_time":1.846121456},
{"learn":[20069385.45],"iteration":124,"passed_time":0.2621148727,"remaining_time":1.834804109},
{"learn":[20063831],"iteration":125,"passed_time":0.2627864777,"remaining_time":1.822820488},
{"learn":[20027602.59],"iteration":126,"passed_time":0.2635604148,"remaining_time":1.811718442},
{"learn":[20022648.48],"iteration":127,"passed_time":0.2641056489,"remaining_time":1.799219733},
{"learn":[19981222.77],"iteration":128,"passed_time":0.2649573163,"remaining_time":1.788975368},
{"learn":[19944693.97],"iteration":129,"passed_time":0.2657686553,"remaining_time":1.778605616},
{"learn":[19892863.19],"iteration":130,"passed_time":0.2665725203,"remaining_time":1.768332215},
{"learn":[19860948.12],"iteration":131,"passed_time":0.2672669768,"remaining_time":1.757482847},
{"learn":[19840745.94],"iteration":132,"passed_time":0.2680863943,"remaining_time":1.747600781},
{"learn":[19819714.07],"iteration":133,"passed_time":0.2687913702,"remaining_time":1.737114377},
{"learn":[19798392.21],"iteration":134,"passed_time":0.2695836736,"remaining_time":1.727332427},
{"learn":[19774012.73],"iteration":135,"passed_time":0.2702920825,"remaining_time":1.717149701},
{"learn":[19752368],"iteration":136,"passed_time":0.271065379,"remaining_time":1.70751403},
{"learn":[19728296.56],"iteration":137,"passed_time":0.2718110898,"remaining_time":1.697834488},
{"learn":[19693750.49],"iteration":138,"passed_time":0.2726065173,"remaining_time":1.688591449},
{"learn":[19686166.64],"iteration":139,"passed_time":0.2731044894,"remaining_time":1.677641863},
{"learn":[19660973.07],"iteration":140,"passed_time":0.2739117761,"remaining_time":1.668724934},
{"learn":[19635804.49],"iteration":141,"passed_time":0.2744806198,"remaining_time":1.658481491},
{"learn":[19586647.75],"iteration":142,"passed_time":0.2753478697,"remaining_time":1.650161709},
{"learn":[19556091.22],"iteration":143,"passed_time":0.2761039523,"remaining_time":1.641284605},
{"learn":[19531835.1],"iteration":144,"passed_time":0.2769181051,"remaining_time":1.63286193},
{"learn":[19511538.01],"iteration":145,"passed_time":0.2776822435,"remaining_time":1.624250931},
{"learn":[19484530.59],"iteration":146,"passed_time":0.2783922338,"remaining_time":1.615432486},
{"learn":[19460548.99],"iteration":147,"passed_time":0.2793318267,"remaining_time":1.608045381},
{"learn":[19420689.59],"iteration":148,"passed_time":0.2802412854,"remaining_time":1.600572711},
{"learn":[19391008.24],"iteration":149,"passed_time":0.2810877156,"remaining_time":1.592830388},
{"learn":[19380956.53],"iteration":150,"passed_time":0.2818558776,"remaining_time":1.584739338},
{"learn":[19361776.71],"iteration":151,"passed_time":0.2826292442,"remaining_time":1.576773678},
{"learn":[19334955.69],"iteration":152,"passed_time":0.2834930811,"remaining_time":1.569402874},
{"learn":[19316367.38],"iteration":153,"passed_time":0.2843381013,"remaining_time":1.562013206},
{"learn":[19280220.51],"iteration":154,"passed_time":0.2851414245,"remaining_time":1.554480669},
{"learn":[19259228.82],"iteration":155,"passed_time":0.2858766873,"remaining_time":1.54666618},
{"learn":[19235538.1],"iteration":156,"passed_time":0.2866743341,"remaining_time":1.539276839},
{"learn":[19215068.99],"iteration":157,"passed_time":0.2875089164,"remaining_time":1.53216777},
{"learn":[19170040.67],"iteration":158,"passed_time":0.288264347,"remaining_time":1.524718968},
{"learn":[19159222.01],"iteration":159,"passed_time":0.2890544772,"remaining_time":1.517536005},
{"learn":[19132255.66],"iteration":160,"passed_time":0.2898974756,"remaining_time":1.510707963},
{"learn":[19084635.9],"iteration":161,"passed_time":0.2906572615,"remaining_time":1.503523365},
{"learn":[19039895.67],"iteration":162,"passed_time":0.2914829445,"remaining_time":1.496755979},
{"learn":[19015962.92],"iteration":163,"passed_time":0.2921853281,"remaining_time":1.489432526},
{"learn":[18985705.46],"iteration":164,"passed_time":0.292996188,"remaining_time":1.482738285},
{"learn":[18961396.9],"iteration":165,"passed_time":0.2937595157,"remaining_time":1.475876121},
{"learn":[18926379.37],"iteration":166,"passed_time":0.2944828378,"remaining_time":1.468887449},
{"learn":[18893512.59],"iteration":167,"passed_time":0.2953694036,"remaining_time":1.462781808},
{"learn":[18877738.46],"iteration":168,"passed_time":0.2961273766,"remaining_time":1.456105621},
{"learn":[18860120.2],"iteration":169,"passed_time":0.2969204019,"remaining_time":1.449670198},
{"learn":[18848626.33],"iteration":170,"passed_time":0.2978212317,"remaining_time":1.443823398},
{"learn":[18811403.67],"iteration":171,"passed_time":0.2986158458,"remaining_time":1.437522793},
{"learn":[18757468.68],"iteration":172,"passed_time":0.2993676346,"remaining_time":1.43108112},
{"learn":[18744425.42],"iteration":173,"passed_time":0.3001574758,"remaining_time":1.424885489},
{"learn":[18738822.81],"iteration":174,"passed_time":0.3007590899,"remaining_time":1.417864281},
{"learn":[18679213.81],"iteration":175,"passed_time":0.3015798473,"remaining_time":1.411942012},
{"learn":[18665864.45],"iteration":176,"passed_time":0.3023636832,"remaining_time":1.405905713},
{"learn":[18631704.16],"iteration":177,"passed_time":0.3032155995,"remaining_time":1.400242825},
{"learn":[18583760],"iteration":178,"passed_time":0.3039987161,"remaining_time":1.394318134},
{"learn":[18551380],"iteration":179,"passed_time":0.3047831625,"remaining_time":1.388456629},
{"learn":[18536824.23],"iteration":180,"passed_time":0.3056177221,"remaining_time":1.38287798},
{"learn":[18509899.12],"iteration":181,"passed_time":0.3064137989,"remaining_time":1.377178503},
{"learn":[18484766.52],"iteration":182,"passed_time":0.3071526261,"remaining_time":1.371277025},
{"learn":[18450578.64],"iteration":183,"passed_time":0.3079690209,"remaining_time":1.365775658},
{"learn":[18433273.86],"iteration":184,"passed_time":0.3087060239,"remaining_time":1.359975187},
{"learn":[18399819.43],"iteration":185,"passed_time":0.3094861378,"remaining_time":1.354417829},
{"learn":[18363065.87],"iteration":186,"passed_time":0.310206067,"remaining_time":1.348649906},
{"learn":[18345418.8],"iteration":187,"passed_time":0.3110672603,"remaining_time":1.343545826},
{"learn":[18333193.69],"iteration":188,"passed_time":0.311835884,"remaining_time":1.338089428},
{"learn":[18315211.9],"iteration":189,"passed_time":0.3125576447,"remaining_time":1.332482591},
{"learn":[18298698.23],"iteration":190,"passed_time":0.3133502971,"remaining_time":1.327227175},
{"learn":[18273980.86],"iteration":191,"passed_time":0.3142442521,"remaining_time":1.322444561},
{"learn":[18245229.3],"iteration":192,"passed_time":0.3150719657,"remaining_time":1.317425266},
{"learn":[18232734.03],"iteration":193,"passed_time":0.3158392081,"remaining_time":1.312197947},
{"learn":[18226380.35],"iteration":194,"passed_time":0.3166527291,"remaining_time":1.30720742},
{"learn":[18202806.48],"iteration":195,"passed_time":0.3174948167,"remaining_time":1.302376697},
{"learn":[18164335.2],"iteration":196,"passed_time":0.3183109225,"remaining_time":1.297480562},
{"learn":[18130815.16],"iteration":197,"passed_time":0.3191200395,"remaining_time":1.292597332},
{"learn":[18122889.31],"iteration":198,"passed_time":0.3199701055,"remaining_time":1.287919872},
{"learn":[18094171.48],"iteration":199,"passed_time":0.3207898333,"remaining_time":1.283159333},
{"learn":[18063886.66],"iteration":200,"passed_time":0.3215339039,"remaining_time":1.27813726},
{"learn":[18034258.87],"iteration":201,"passed_time":0.3223989018,"remaining_time":1.273635266},
{"learn":[18017607.5],"iteration":202,"passed_time":0.3231675242,"remaining_time":1.268790723},
{"learn":[17997129.89],"iteration":203,"passed_time":0.3239809364,"remaining_time":1.264160909},
{"learn":[17966369.85],"iteration":204,"passed_time":0.3248505571,"remaining_time":1.259786307},
{"learn":[17950077.76],"iteration":205,"passed_time":0.3256345932,"remaining_time":1.255115859},
{"learn":[17942033.43],"iteration":206,"passed_time":0.3264234749,"remaining_time":1.250501525},
{"learn":[17932574.03],"iteration":207,"passed_time":0.3272512084,"remaining_time":1.246071909},
{"learn":[17885834.64],"iteration":208,"passed_time":0.3280857694,"remaining_time":1.241702601},
{"learn":[17875549.64],"iteration":209,"passed_time":0.3288251758,"remaining_time":1.237008995},
{"learn":[17861045.44],"iteration":210,"passed_time":0.3296508802,"remaining_time":1.232675566},
{"learn":[17854090.95],"iteration":211,"passed_time":0.3307214206,"remaining_time":1.22928528},
{"learn":[17829134.54],"iteration":212,"passed_time":0.3316951938,"remaining_time":1.225559237},
{"learn":[17788620.4],"iteration":213,"passed_time":0.3325476419,"remaining_time":1.221413302},
{"learn":[17772923.32],"iteration":214,"passed_time":0.3333296449,"remaining_time":1.217040796},
{"learn":[17753554.88],"iteration":215,"passed_time":0.334108036,"remaining_time":1.212688427},
{"learn":[17716515.57],"iteration":216,"passed_time":0.3350201275,"remaining_time":1.208851428},
{"learn":[17700489.4],"iteration":217,"passed_time":0.3361275506,"remaining_time":1.205741948},
{"learn":[17682206.23],"iteration":218,"passed_time":0.3371706654,"remaining_time":1.202421414},
{"learn":[17670550.12],"iteration":219,"passed_time":0.3379385071,"remaining_time":1.198145616},
{"learn":[17644261.59],"iteration":220,"passed_time":0.33883162,"remaining_time":1.194343131},
{"learn":[17622680.98],"iteration":221,"passed_time":0.3399176651,"remaining_time":1.191242988},
{"learn":[17603345.12],"iteration":222,"passed_time":0.3408138107,"remaining_time":1.187499242},
{"learn":[17575932.24],"iteration":223,"passed_time":0.3417207746,"remaining_time":1.183818398},
{"learn":[17555068.79],"iteration":224,"passed_time":0.3425242979,"remaining_time":1.179805915},
{"learn":[17546347.48],"iteration":225,"passed_time":0.3432938211,"remaining_time":1.175705387},
{"learn":[17518474.92],"iteration":226,"passed_time":0.344106614,"remaining_time":1.171781554},
{"learn":[17462244.09],"iteration":227,"passed_time":0.3449067444,"remaining_time":1.167842135},
{"learn":[17432268.3],"iteration":228,"passed_time":0.3458507616,"remaining_time":1.164414573},
{"learn":[17423878.42],"iteration":229,"passed_time":0.3463144546,"remaining_time":1.159400565},
{"learn":[17398835.92],"iteration":230,"passed_time":0.347147754,"remaining_time":1.155656376},
{"learn":[17371271.99],"iteration":231,"passed_time":0.3480013022,"remaining_time":1.152004311},
{"learn":[17355723.95],"iteration":232,"passed_time":0.3488339597,"remaining_time":1.148307498},
{"learn":[17339068.07],"iteration":233,"passed_time":0.3495780416,"remaining_time":1.144345213},
{"learn":[17330400.51],"iteration":234,"passed_time":0.3504164359,"remaining_time":1.140717334},
{"learn":[17317631.43],"iteration":235,"passed_time":0.3513291854,"remaining_time":1.137353804},
{"learn":[17306124.36],"iteration":236,"passed_time":0.3521618355,"remaining_time":1.133753082},
{"learn":[17303481.54],"iteration":237,"passed_time":0.3526748401,"remaining_time":1.129152219},
{"learn":[17280458.7],"iteration":238,"passed_time":0.3535660008,"remaining_time":1.125789651},
{"learn":[17271132.58],"iteration":239,"passed_time":0.3546650866,"remaining_time":1.123106108},
{"learn":[17266159.05],"iteration":240,"passed_time":0.3556242299,"remaining_time":1.119994981},
{"learn":[17249431.44],"iteration":241,"passed_time":0.3564265822,"remaining_time":1.116410534},
{"learn":[17220614.47],"iteration":242,"passed_time":0.3573897756,"remaining_time":1.113350042},
{"learn":[17192346.84],"iteration":243,"passed_time":0.3583287205,"remaining_time":1.110231609},
{"learn":[17182044.09],"iteration":244,"passed_time":0.3592179787,"remaining_time":1.106977853},
{"learn":[17172090.67],"iteration":245,"passed_time":0.360111904,"remaining_time":1.103757625},
{"learn":[17165673.92],"iteration":246,"passed_time":0.3609715368,"remaining_time":1.100451689},
{"learn":[17132559.27],"iteration":247,"passed_time":0.3619228601,"remaining_time":1.097443511},
{"learn":[17108577.26],"iteration":248,"passed_time":0.3627376352,"remaining_time":1.094040016},
{"learn":[17092736.09],"iteration":249,"passed_time":0.3635810235,"remaining_time":1.09074307},
{"learn":[17068644.58],"iteration":250,"passed_time":0.3643772591,"remaining_time":1.087324968},
{"learn":[17026504.61],"iteration":251,"passed_time":0.3651944759,"remaining_time":1.083989952},
{"learn":[17006055.54],"iteration":252,"passed_time":0.366078711,"remaining_time":1.080872716},
{"learn":[16998783.36],"iteration":253,"passed_time":0.3668598632,"remaining_time":1.077470307},
{"learn":[16963287.71],"iteration":254,"passed_time":0.3678386138,"remaining_time":1.074665754},
{"learn":[16951056.97],"iteration":255,"passed_time":0.3686685803,"remaining_time":1.071443061},
{"learn":[16935697.47],"iteration":256,"passed_time":0.3695614821,"remaining_time":1.068420939},
{"learn":[16907822.36],"iteration":257,"passed_time":0.3703549078,"remaining_time":1.065129231},
{"learn":[16894898.14],"iteration":258,"passed_time":0.3711831027,"remaining_time":1.06195629},
{"learn":[16887218.09],"iteration":259,"passed_time":0.3721162002,"remaining_time":1.059099954},
{"learn":[16850309.06],"iteration":260,"passed_time":0.3729708298,"remaining_time":1.056036181},
{"learn":[16829681.66],"iteration":261,"passed_time":0.3737222056,"remaining_time":1.052698426},
{"learn":[16782701.59],"iteration":262,"passed_time":0.3745171914,"remaining_time":1.049502548},
{"learn":[16759793.15],"iteration":263,"passed_time":0.3754448066,"remaining_time":1.046694612},
{"learn":[16711284.65],"iteration":264,"passed_time":0.3762651745,"remaining_time":1.043603409},
{"learn":[16697524.03],"iteration":265,"passed_time":0.3771557456,"remaining_time":1.040722997},
{"learn":[16686411.87],"iteration":266,"passed_time":0.3779902365,"remaining_time":1.037703533},
{"learn":[16666143.82],"iteration":267,"passed_time":0.378822374,"remaining_time":1.034693947},
{"learn":[16657985.04],"iteration":268,"passed_time":0.3796717293,"remaining_time":1.031747339},
{"learn":[16625207.76],"iteration":269,"passed_time":0.380564871,"remaining_time":1.028934651},
{"learn":[16598446.99],"iteration":270,"passed_time":0.3814317014,"remaining_time":1.026065352},
{"learn":[16591343.45],"iteration":271,"passed_time":0.3822040458,"remaining_time":1.022957887},
{"learn":[16578296.5],"iteration":272,"passed_time":0.3831670225,"remaining_time":1.020375184},
{"learn":[16554190.28],"iteration":273,"passed_time":0.3840408878,"remaining_time":1.017568192},
{"learn":[16520298.04],"iteration":274,"passed_time":0.3848371548,"remaining_time":1.014570681},
{"learn":[16486810.65],"iteration":275,"passed_time":0.3857888697,"remaining_time":1.01199689},
{"learn":[16468040.2],"iteration":276,"passed_time":0.3865661985,"remaining_time":1.008979645},
{"learn":[16432996.88],"iteration":277,"passed_time":0.3873398967,"remaining_time":1.005969084},
{"learn":[16419317.19],"iteration":278,"passed_time":0.388271264,"remaining_time":1.003382012},
{"learn":[16403397.61],"iteration":279,"passed_time":0.3891012992,"remaining_time":1.000546198},
{"learn":[16371538.5],"iteration":280,"passed_time":0.3899503143,"remaining_time":0.997773224},
{"learn":[16353132.64],"iteration":281,"passed_time":0.3908586811,"remaining_time":0.9951650109},
{"learn":[16315963.27],"iteration":282,"passed_time":0.3917080248,"remaining_time":0.9924192712},
{"learn":[16270672.81],"iteration":283,"passed_time":0.3925310955,"remaining_time":0.9896206492},
{"learn":[16261393.07],"iteration":284,"passed_time":0.3935688668,"remaining_time":0.9873745255},
{"learn":[16253588.44],"iteration":285,"passed_time":0.3944865002,"remaining_time":0.9848369271},
{"learn":[16249900.25],"iteration":286,"passed_time":0.3949558482,"remaining_time":0.981196933},
{"learn":[16224002.79],"iteration":287,"passed_time":0.3958594704,"remaining_time":0.9786525797},
{"learn":[16220450.43],"iteration":288,"passed_time":0.3962799938,"remaining_time":0.9749310574},
{"learn":[16216335.67],"iteration":289,"passed_time":0.3969968593,"remaining_time":0.971957828},
{"learn":[16212350.78],"iteration":290,"passed_time":0.3975205843,"remaining_time":0.9685295336},
{"learn":[16191056.57],"iteration":291,"passed_time":0.3983800983,"remaining_time":0.9659353067},
{"learn":[16157979.07],"iteration":292,"passed_time":0.3992505598,"remaining_time":0.963379337},
{"learn":[16147273.37],"iteration":293,"passed_time":0.4000908257,"remaining_time":0.960762323},
{"learn":[16139252.32],"iteration":294,"passed_time":0.4009104347,"remaining_time":0.958107988},
{"learn":[16128518.71],"iteration":295,"passed_time":0.4017900944,"remaining_time":0.9556088731},
{"learn":[16121593.36],"iteration":296,"passed_time":0.402566864,"remaining_time":0.9528771225},
{"learn":[16110945.34],"iteration":297,"passed_time":0.4034290094,"remaining_time":0.9503596127},
{"learn":[16093594.88],"iteration":298,"passed_time":0.4042222349,"remaining_time":0.9476915943},
{"learn":[16071966.57],"iteration":299,"passed_time":0.4051458841,"remaining_time":0.9453403962},
{"learn":[16055006.54],"iteration":300,"passed_time":0.4059976015,"remaining_time":0.9428316395},
{"learn":[16030657.72],"iteration":301,"passed_time":0.4068419694,"remaining_time":0.9403168698},
{"learn":[15988711.15],"iteration":302,"passed_time":0.4077348025,"remaining_time":0.9379246118},
{"learn":[15949527.96],"iteration":303,"passed_time":0.4086798829,"remaining_time":0.9356618371},
{"learn":[15890298.64],"iteration":304,"passed_time":0.4095991599,"remaining_time":0.9333489053},
{"learn":[15883102.54],"iteration":305,"passed_time":0.4104469665,"remaining_time":0.9308829894},
{"learn":[15871024.74],"iteration":306,"passed_time":0.4111769546,"remaining_time":0.9281616597},
{"learn":[15838456.02],"iteration":307,"passed_time":0.4119007171,"remaining_time":0.9254392736},
{"learn":[15822829.23],"iteration":308,"passed_time":0.4127475289,"remaining_time":0.9230049919},
{"learn":[15816691.7],"iteration":309,"passed_time":0.4135737725,"remaining_time":0.920535171},
{"learn":[15800216.73],"iteration":310,"passed_time":0.4144082494,"remaining_time":0.9180941603},
{"learn":[15774477.72],"iteration":311,"passed_time":0.4152782918,"remaining_time":0.9157418743},
{"learn":[15768743.2],"iteration":312,"passed_time":0.4161598645,"remaining_time":0.9134243672},
{"learn":[15744700.05],"iteration":313,"passed_time":0.4169269055,"remaining_time":0.9108657872},
{"learn":[15725373.05],"iteration":314,"passed_time":0.417750907,"remaining_time":0.9084424487},
{"learn":[15709593.35],"iteration":315,"passed_time":0.4185739077,"remaining_time":0.9060270661},
{"learn":[15685631.66],"iteration":316,"passed_time":0.4193956673,"remaining_time":0.903619056},
{"learn":[15678762.43],"iteration":317,"passed_time":0.4202168864,"remaining_time":0.9012198632},
{"learn":[15650033.77],"iteration":318,"passed_time":0.4209717465,"remaining_time":0.8986889009},
{"learn":[15646601.36],"iteration":319,"passed_time":0.4215426434,"remaining_time":0.8957781171},
{"learn":[15640463.98],"iteration":320,"passed_time":0.4223186623,"remaining_time":0.8933157997},
{"learn":[15606706.71],"iteration":321,"passed_time":0.4231000961,"remaining_time":0.8908753576},
{"learn":[15598379.51],"iteration":322,"passed_time":0.423899696,"remaining_time":0.8884832637},
{"learn":[15576075.23],"iteration":323,"passed_time":0.4246878757,"remaining_time":0.8860771728},
{"learn":[15564999.61],"iteration":324,"passed_time":0.425495961,"remaining_time":0.8837223805},
{"learn":[15546980.95],"iteration":325,"passed_time":0.426266465,"remaining_time":0.8812993786},
{"learn":[15527389.92],"iteration":326,"passed_time":0.4270362685,"remaining_time":0.8788850418},
{"learn":[15490404.13],"iteration":327,"passed_time":0.4277793281,"remaining_time":0.8764259406},
{"learn":[15461304.45],"iteration":328,"passed_time":0.4285586,"remaining_time":0.8740511264},
{"learn":[15442023.87],"iteration":329,"passed_time":0.4293016897,"remaining_time":0.8716125215},
{"learn":[15417519.22],"iteration":330,"passed_time":0.4300870269,"remaining_time":0.8692695499},
{"learn":[15411677.66],"iteration":331,"passed_time":0.4308442892,"remaining_time":0.8668794735},
{"learn":[15392757.45],"iteration":332,"passed_time":0.4315741372,"remaining_time":0.8644442928},
{"learn":[15389869.17],"iteration":333,"passed_time":0.4319849519,"remaining_time":0.8613831676},
{"learn":[15358950.69],"iteration":334,"passed_time":0.432868237,"remaining_time":0.859275754},
{"learn":[15343382.93],"iteration":335,"passed_time":0.4337037379,"remaining_time":0.8570811962},
{"learn":[15326965.47],"iteration":336,"passed_time":0.4344738981,"remaining_time":0.8547661557},
{"learn":[15285286.14],"iteration":337,"passed_time":0.4353665693,"remaining_time":0.8527002039},
{"learn":[15257667.14],"iteration":338,"passed_time":0.4362471355,"remaining_time":0.8506175709},
{"learn":[15229900.66],"iteration":339,"passed_time":0.4371109924,"remaining_time":0.8485095735},
{"learn":[15217822.94],"iteration":340,"passed_time":0.4378997627,"remaining_time":0.8462637642},
{"learn":[15178298.19],"iteration":341,"passed_time":0.4386690056,"remaining_time":0.8439889055},
{"learn":[15169967.71],"iteration":342,"passed_time":0.43940607,"remaining_time":0.8416611894},
{"learn":[15157960.47],"iteration":343,"passed_time":0.4402039984,"remaining_time":0.8394587876},
{"learn":[15136277.66],"iteration":344,"passed_time":0.440945837,"remaining_time":0.8371580383},
{"learn":[15108278.53],"iteration":345,"passed_time":0.4417456671,"remaining_time":0.8349759141},
{"learn":[15080751.23],"iteration":346,"passed_time":0.4426470691,"remaining_time":0.8329928995},
{"learn":[15058564.31],"iteration":347,"passed_time":0.4434679779,"remaining_time":0.8308652919},
{"learn":[15021561.52],"iteration":348,"passed_time":0.4442419951,"remaining_time":0.8286577043},
{"learn":[15012868.49],"iteration":349,"passed_time":0.4450535956,"remaining_time":0.8265281061},
{"learn":[14990966.1],"iteration":350,"passed_time":0.445833478,"remaining_time":0.824347371},
{"learn":[14982893.34],"iteration":351,"passed_time":0.4466398139,"remaining_time":0.8222232937},
{"learn":[14946276.82],"iteration":352,"passed_time":0.4474252212,"remaining_time":0.8200683232},
{"learn":[14935113.74],"iteration":353,"passed_time":0.4482346798,"remaining_time":0.8179649806},
{"learn":[14918909.38],"iteration":354,"passed_time":0.4490473913,"remaining_time":0.8158748378},
{"learn":[14897438.11],"iteration":355,"passed_time":0.4498341999,"remaining_time":0.8137450132},
{"learn":[14875022.43],"iteration":356,"passed_time":0.4505920727,"remaining_time":0.8115705959},
{"learn":[14854184.02],"iteration":357,"passed_time":0.4513929737,"remaining_time":0.8094812546},
{"learn":[14835522.84],"iteration":358,"passed_time":0.4521702238,"remaining_time":0.807356862},
{"learn":[14810763.04],"iteration":359,"passed_time":0.4529266854,"remaining_time":0.8052029962},
{"learn":[14798656.96],"iteration":360,"passed_time":0.4537612163,"remaining_time":0.8031950615},
{"learn":[14742771.49],"iteration":361,"passed_time":0.4545513678,"remaining_time":0.801115394},
{"learn":[14701810.02],"iteration":362,"passed_time":0.4553251147,"remaining_time":0.7990140443},
{"learn":[14675058.18],"iteration":363,"passed_time":0.4560898436,"remaining_time":0.7969042323},
{"learn":[14670939.09],"iteration":364,"passed_time":0.4568602776,"remaining_time":0.7948117159},
{"learn":[14649719.45],"iteration":365,"passed_time":0.4576887131,"remaining_time":0.7928268965},
{"learn":[14607177.67],"iteration":366,"passed_time":0.4584334943,"remaining_time":0.7907040924},
{"learn":[14596240.31],"iteration":367,"passed_time":0.4592766129,"remaining_time":0.7887576612},
{"learn":[14558663.18],"iteration":368,"passed_time":0.4600285004,"remaining_time":0.7866612026},
{"learn":[14556738.27],"iteration":369,"passed_time":0.4606231479,"remaining_time":0.7843042788},
{"learn":[14547380.58],"iteration":370,"passed_time":0.4614776256,"remaining_time":0.7823973761},
{"learn":[14527432.82],"iteration":371,"passed_time":0.462272121,"remaining_time":0.7803948709},
{"learn":[14506986.77],"iteration":372,"passed_time":0.4627230413,"remaining_time":0.7778213054},
{"learn":[14466977.11],"iteration":373,"passed_time":0.4634886919,"remaining_time":0.7757858854},
{"learn":[14460071.12],"iteration":374,"passed_time":0.464333062,"remaining_time":0.7738884367},
{"learn":[14436601.91],"iteration":375,"passed_time":0.4651143056,"remaining_time":0.7718918263},
{"learn":[14412814.36],"iteration":376,"passed_time":0.4658366169,"remaining_time":0.7698042767},
{"learn":[14401908.01],"iteration":377,"passed_time":0.4666074312,"remaining_time":0.7678037624},
{"learn":[14395560.53],"iteration":378,"passed_time":0.467332575,"remaining_time":0.7657349052},
{"learn":[14376640.48],"iteration":379,"passed_time":0.4680604712,"remaining_time":0.7636776109},
{"learn":[14373663.13],"iteration":380,"passed_time":0.4685911323,"remaining_time":0.7613068528},
{"learn":[14368068.1],"iteration":381,"passed_time":0.4693407979,"remaining_time":0.7593000343},
{"learn":[14348121.85],"iteration":382,"passed_time":0.4701046861,"remaining_time":0.7573226927},
{"learn":[14333305.7],"iteration":383,"passed_time":0.4708389379,"remaining_time":0.7553041296},
{"learn":[14293892.11],"iteration":384,"passed_time":0.4715839894,"remaining_time":0.7533094896},
{"learn":[14270016.93],"iteration":385,"passed_time":0.4724034269,"remaining_time":0.751439648},
{"learn":[14248130.18],"iteration":386,"passed_time":0.4732627546,"remaining_time":0.7496384201},
{"learn":[14231262.35],"iteration":387,"passed_time":0.474009978,"remaining_time":0.747665223},
{"learn":[14214816.12],"iteration":388,"passed_time":0.4747549294,"remaining_time":0.7456947605},
{"learn":[14208998.49],"iteration":389,"passed_time":0.4755413075,"remaining_time":0.7437953784},
{"learn":[14192126.29],"iteration":390,"passed_time":0.4763217708,"remaining_time":0.7418924768},
{"learn":[14173295.07],"iteration":391,"passed_time":0.4771135238,"remaining_time":0.7400128124},
{"learn":[14164386.28],"iteration":392,"passed_time":0.4778719771,"remaining_time":0.7380872522},
{"learn":[14151810.95],"iteration":393,"passed_time":0.478642697,"remaining_time":0.7361864832},
{"learn":[14133028.37],"iteration":394,"passed_time":0.4794408047,"remaining_time":0.7343333844},
{"learn":[14112166.26],"iteration":395,"passed_time":0.4802273439,"remaining_time":0.7324679689},
{"learn":[14105424.54],"iteration":396,"passed_time":0.4809975934,"remaining_time":0.7305832463},
{"learn":[14098585.65],"iteration":397,"passed_time":0.4817438494,"remaining_time":0.7286678325},
{"learn":[14046456.45],"iteration":398,"passed_time":0.48251051,"remaining_time":0.7267890138},
{"learn":[14027446.55],"iteration":399,"passed_time":0.4832565524,"remaining_time":0.7248848285},
{"learn":[13994085.72],"iteration":400,"passed_time":0.4839915249,"remaining_time":0.7229698838},
{"learn":[13983991.29],"iteration":401,"passed_time":0.4847095824,"remaining_time":0.7210356474},
{"learn":[13943444.93],"iteration":402,"passed_time":0.4854885104,"remaining_time":0.7191976197},
{"learn":[13915274.98],"iteration":403,"passed_time":0.4863079579,"remaining_time":0.7174246112},
{"learn":[13883698.91],"iteration":404,"passed_time":0.4870816148,"remaining_time":0.715589039},
{"learn":[13872740.74],"iteration":405,"passed_time":0.487869184,"remaining_time":0.7137790524},
{"learn":[13837822.04],"iteration":406,"passed_time":0.4886468,"remaining_time":0.7119595882},
{"learn":[13805983.61],"iteration":407,"passed_time":0.4894200265,"remaining_time":0.710138862},
{"learn":[13801844.11],"iteration":408,"passed_time":0.4901666794,"remaining_time":0.7082848594},
{"learn":[13752517.95],"iteration":409,"passed_time":0.4908960069,"remaining_time":0.706411327},
{"learn":[13744596.99],"iteration":410,"passed_time":0.4916230724,"remaining_time":0.7045401207},
{"learn":[13717276.02],"iteration":411,"passed_time":0.4923919833,"remaining_time":0.7027341897},
{"learn":[13684263.36],"iteration":412,"passed_time":0.493156552,"remaining_time":0.7009271091},
{"learn":[13643653.93],"iteration":413,"passed_time":0.4938596563,"remaining_time":0.6990380642},
{"learn":[13612239.09],"iteration":414,"passed_time":0.4945555141,"remaining_time":0.6971445198},
{"learn":[13597522.77],"iteration":415,"passed_time":0.4952906567,"remaining_time":0.6953118835},
{"learn":[13591334.26],"iteration":416,"passed_time":0.4959966235,"remaining_time":0.6934437206},
{"learn":[13564640.96],"iteration":417,"passed_time":0.4967506729,"remaining_time":0.6916480661},
{"learn":[13555354.74],"iteration":418,"passed_time":0.4975395433,"remaining_time":0.6899056674},
{"learn":[13539473.32],"iteration":419,"passed_time":0.4982649573,"remaining_time":0.6880801791},
{"learn":[13507463.99],"iteration":420,"passed_time":0.4990484982,"remaining_time":0.6863398585},
{"learn":[13502702.76],"iteration":421,"passed_time":0.4999500394,"remaining_time":0.6847656938},
{"learn":[13495264.22],"iteration":422,"passed_time":0.5008622584,"remaining_time":0.6832092745},
{"learn":[13488862.85],"iteration":423,"passed_time":0.5016859506,"remaining_time":0.681535631},
{"learn":[13458481.58],"iteration":424,"passed_time":0.5025631084,"remaining_time":0.6799383232},
{"learn":[13453133.51],"iteration":425,"passed_time":0.5033668385,"remaining_time":0.6782454585},
{"learn":[13438445.93],"iteration":426,"passed_time":0.5041537106,"remaining_time":0.6765341362},
{"learn":[13414424.03],"iteration":427,"passed_time":0.5052059857,"remaining_time":0.6751818313},
{"learn":[13397726.62],"iteration":428,"passed_time":0.5061267523,"remaining_time":0.673655887},
{"learn":[13382847.27],"iteration":429,"passed_time":0.5069400709,"remaining_time":0.6719903265},
{"learn":[13348649.01],"iteration":430,"passed_time":0.5076966025,"remaining_time":0.6702537513},
{"learn":[13332763.29],"iteration":431,"passed_time":0.5084884799,"remaining_time":0.6685681865},
{"learn":[13296687.59],"iteration":432,"passed_time":0.5092741831,"remaining_time":0.6668786647},
{"learn":[13267246.79],"iteration":433,"passed_time":0.5100600551,"remaining_time":0.6651935281},
{"learn":[13249643.68],"iteration":434,"passed_time":0.510852919,"remaining_time":0.6635216075},
{"learn":[13231778.63],"iteration":435,"passed_time":0.5112732122,"remaining_time":0.6613717699},
{"learn":[13228972.83],"iteration":436,"passed_time":0.5120722472,"remaining_time":0.6597177922},
{"learn":[13218897.5],"iteration":437,"passed_time":0.5128398383,"remaining_time":0.6580273724},
{"learn":[13191061.82],"iteration":438,"passed_time":0.5136563623,"remaining_time":0.6564036885},
{"learn":[13180576.23],"iteration":439,"passed_time":0.5144637691,"remaining_time":0.6547720698},
{"learn":[13150564.95],"iteration":440,"passed_time":0.5152379634,"remaining_time":0.6531020897},
{"learn":[13145477.32],"iteration":441,"passed_time":0.516048473,"remaining_time":0.6514820089},
{"learn":[13140903.64],"iteration":442,"passed_time":0.5168034376,"remaining_time":0.6497957443},
{"learn":[13125898.14],"iteration":443,"passed_time":0.5176327125,"remaining_time":0.6482067301},
{"learn":[13098423.78],"iteration":444,"passed_time":0.5184212038,"remaining_time":0.6465702655},
{"learn":[13084304.5],"iteration":445,"passed_time":0.5191694838,"remaining_time":0.6448876548},
{"learn":[13051802.12],"iteration":446,"passed_time":0.5200378787,"remaining_time":0.6433578231},
{"learn":[13027727.94],"iteration":447,"passed_time":0.5208609486,"remaining_time":0.6417750973},
{"learn":[13017540.43],"iteration":448,"passed_time":0.5215708388,"remaining_time":0.6400568645},
{"learn":[13013916.46],"iteration":449,"passed_time":0.5223091243,"remaining_time":0.6383778185},
{"learn":[12987687.41],"iteration":450,"passed_time":0.5231315052,"remaining_time":0.6368053135},
{"learn":[12980374.55],"iteration":451,"passed_time":0.52387973,"remaining_time":0.6351462213},
{"learn":[12966361.71],"iteration":452,"passed_time":0.5245967065,"remaining_time":0.6334534182},
{"learn":[12962072.06],"iteration":453,"passed_time":0.5253684303,"remaining_time":0.6318307554},
{"learn":[12935612.72],"iteration":454,"passed_time":0.5261264346,"remaining_time":0.6301953997},
{"learn":[12919337.3],"iteration":455,"passed_time":0.5269591134,"remaining_time":0.6286529774},
{"learn":[12880622.43],"iteration":456,"passed_time":0.5277161955,"remaining_time":0.6270238385},
{"learn":[12872441.12],"iteration":457,"passed_time":0.5285343819,"remaining_time":0.6254708188},
{"learn":[12861730.25],"iteration":458,"passed_time":0.5292395079,"remaining_time":0.6237877425},
{"learn":[12837979.39],"iteration":459,"passed_time":0.5300326008,"remaining_time":0.6222121835},
{"learn":[12835208.8],"iteration":460,"passed_time":0.5307511387,"remaining_time":0.6205528498},
{"learn":[12821378.44],"iteration":461,"passed_time":0.5315033265,"remaining_time":0.6189367741},
{"learn":[12792722.03],"iteration":462,"passed_time":0.5323216378,"remaining_time":0.617401122},
{"learn":[12764368.85],"iteration":463,"passed_time":0.5331524162,"remaining_time":0.6158829635},
{"learn":[12733567.25],"iteration":464,"passed_time":0.5339906103,"remaining_time":0.6143762936},
{"learn":[12727390.8],"iteration":465,"passed_time":0.5348385314,"remaining_time":0.612883639},
{"learn":[12718056.13],"iteration":466,"passed_time":0.5355942023,"remaining_time":0.6112884578},
{"learn":[12682441.48],"iteration":467,"passed_time":0.53634486,"remaining_time":0.6096911657},
{"learn":[12673000.92],"iteration":468,"passed_time":0.5370873792,"remaining_time":0.6080882695},
{"learn":[12663922.83],"iteration":469,"passed_time":0.5377931558,"remaining_time":0.6064476012},
{"learn":[12631375.47],"iteration":470,"passed_time":0.538528909,"remaining_time":0.6048445709},
{"learn":[12619287.48],"iteration":471,"passed_time":0.53929596,"remaining_time":0.6032802265},
{"learn":[12614433.38],"iteration":472,"passed_time":0.5400119757,"remaining_time":0.6016623915},
{"learn":[12610598.7],"iteration":473,"passed_time":0.5407958608,"remaining_time":0.6001236767},
{"learn":[12602964.56],"iteration":474,"passed_time":0.5416280304,"remaining_time":0.5986415073},
{"learn":[12586020.91],"iteration":475,"passed_time":0.5423894064,"remaining_time":0.5970841365},
{"learn":[12550937.84],"iteration":476,"passed_time":0.5431349083,"remaining_time":0.5955126981},
{"learn":[12515009.18],"iteration":477,"passed_time":0.5438807704,"remaining_time":0.5939451091},
{"learn":[12510358.21],"iteration":478,"passed_time":0.5445787301,"remaining_time":0.5923288484},
{"learn":[12509184.98],"iteration":479,"passed_time":0.5449833693,"remaining_time":0.5903986501},
{"learn":[12506989.8],"iteration":480,"passed_time":0.545391862,"remaining_time":0.588478953},
{"learn":[12495800.32],"iteration":481,"passed_time":0.5461235916,"remaining_time":0.5869129055},
{"learn":[12483868.7],"iteration":482,"passed_time":0.5469008617,"remaining_time":0.585399059},
{"learn":[12471645.04],"iteration":483,"passed_time":0.5476591405,"remaining_time":0.5838680093},
{"learn":[12440259.65],"iteration":484,"passed_time":0.5485113014,"remaining_time":0.5824398355},
{"learn":[12429405.95],"iteration":485,"passed_time":0.5492706656,"remaining_time":0.5809158891},
{"learn":[12421971.39],"iteration":486,"passed_time":0.5500247351,"remaining_time":0.5793895053},
{"learn":[12407793.16],"iteration":487,"passed_time":0.5507840379,"remaining_time":0.5778717774},
{"learn":[12390427.75],"iteration":488,"passed_time":0.5515507586,"remaining_time":0.5763649031},
{"learn":[12379602.44],"iteration":489,"passed_time":0.5524028546,"remaining_time":0.5749499099},
{"learn":[12366980.7],"iteration":490,"passed_time":0.5532030368,"remaining_time":0.5734833925},
{"learn":[12359677.36],"iteration":491,"passed_time":0.5539994025,"remaining_time":0.5720156432},
{"learn":[12332636.29],"iteration":492,"passed_time":0.5547528014,"remaining_time":0.5705064306},
{"learn":[12325712.69],"iteration":493,"passed_time":0.5554951504,"remaining_time":0.5689889597},
{"learn":[12307689.26],"iteration":494,"passed_time":0.5562419634,"remaining_time":0.5674791748},
{"learn":[12279521.69],"iteration":495,"passed_time":0.5569433662,"remaining_time":0.5659263237},
{"learn":[12249137.73],"iteration":496,"passed_time":0.5576744652,"remaining_time":0.5644069537},
{"learn":[12239379.62],"iteration":497,"passed_time":0.5584971204,"remaining_time":0.562983041},
{"learn":[12235880.65],"iteration":498,"passed_time":0.5592098331,"remaining_time":0.5614511551},
{"learn":[12230004.38],"iteration":499,"passed_time":0.5600111445,"remaining_time":0.5600111445},
{"learn":[12206002.76],"iteration":500,"passed_time":0.5607779505,"remaining_time":0.558539316},
{"learn":[12177970.23],"iteration":501,"passed_time":0.5615475738,"remaining_time":0.5570730911},
{"learn":[12143416.56],"iteration":502,"passed_time":0.5622814553,"remaining_time":0.5555743207},
{"learn":[12131757.99],"iteration":503,"passed_time":0.5630089612,"remaining_time":0.554072311},
{"learn":[12123490.97],"iteration":504,"passed_time":0.5637428928,"remaining_time":0.5525796672},
{"learn":[12108503.67],"iteration":505,"passed_time":0.5645097036,"remaining_time":0.5511221217},
{"learn":[12100875.81],"iteration":506,"passed_time":0.5652433049,"remaining_time":0.5496350085},
{"learn":[12096566.51],"iteration":507,"passed_time":0.5660024197,"remaining_time":0.5481755718},
{"learn":[12087916.76],"iteration":508,"passed_time":0.566760873,"remaining_time":0.5467182489},
{"learn":[12086073.14],"iteration":509,"passed_time":0.5671683848,"remaining_time":0.5449264874},
{"learn":[12077609.93],"iteration":510,"passed_time":0.5681494615,"remaining_time":0.543689015},
{"learn":[12072408.39],"iteration":511,"passed_time":0.5692889631,"remaining_time":0.542603543},
{"learn":[12042729.91],"iteration":512,"passed_time":0.5701249754,"remaining_time":0.5412297524},
{"learn":[12024140.76],"iteration":513,"passed_time":0.5708912957,"remaining_time":0.539792159},
{"learn":[11998327.52],"iteration":514,"passed_time":0.5716101339,"remaining_time":0.5383124562},
{"learn":[11989131.1],"iteration":515,"passed_time":0.5723551153,"remaining_time":0.5368602244},
{"learn":[11979414.74],"iteration":516,"passed_time":0.5731150099,"remaining_time":0.5354246611},
{"learn":[11957704.96],"iteration":517,"passed_time":0.5738672177,"remaining_time":0.533984554},
{"learn":[11947722.87],"iteration":518,"passed_time":0.5746087261,"remaining_time":0.5325371816},
{"learn":[11940402.04],"iteration":519,"passed_time":0.5753538476,"remaining_time":0.5310958593},
{"learn":[11912229.04],"iteration":520,"passed_time":0.5760616259,"remaining_time":0.5296228768},
{"learn":[11886161.66],"iteration":521,"passed_time":0.576784838,"remaining_time":0.528166959},
{"learn":[11856209.89],"iteration":522,"passed_time":0.5775026753,"remaining_time":0.526708941},
{"learn":[11851737.63],"iteration":523,"passed_time":0.578234435,"remaining_time":0.5252663951},
{"learn":[11842440.75],"iteration":524,"passed_time":0.5790277493,"remaining_time":0.5238822494},
{"learn":[11813528.17],"iteration":525,"passed_time":0.5797414729,"remaining_time":0.5224286277},
{"learn":[11807810.03],"iteration":526,"passed_time":0.5804693992,"remaining_time":0.5209905613},
{"learn":[11796636.14],"iteration":527,"passed_time":0.5811724033,"remaining_time":0.519532906},
{"learn":[11789798.89],"iteration":528,"passed_time":0.5818741563,"remaining_time":0.5180769899},
{"learn":[11772142.57],"iteration":529,"passed_time":0.5825964176,"remaining_time":0.5166421061},
{"learn":[11765274.89],"iteration":530,"passed_time":0.5833005827,"remaining_time":0.5151939233},
{"learn":[11732261.9],"iteration":531,"passed_time":0.5840452238,"remaining_time":0.5137841443},
{"learn":[11726524.95],"iteration":532,"passed_time":0.5847611494,"remaining_time":0.5123517013},
{"learn":[11724604.84],"iteration":533,"passed_time":0.5854959918,"remaining_time":0.5109384498},
{"learn":[11709595.67],"iteration":534,"passed_time":0.5862385611,"remaining_time":0.5095344503},
{"learn":[11701448.8],"iteration":535,"passed_time":0.5869307356,"remaining_time":0.5080892935},
{"learn":[11673413.67],"iteration":536,"passed_time":0.5876681603,"remaining_time":0.5066859557},
{"learn":[11661744.08],"iteration":537,"passed_time":0.5883665803,"remaining_time":0.5052515987},
{"learn":[11646651.09],"iteration":538,"passed_time":0.5891065473,"remaining_time":0.503855507},
{"learn":[11626881.78],"iteration":539,"passed_time":0.5898550818,"remaining_time":0.5024691438},
{"learn":[11603829.8],"iteration":540,"passed_time":0.5906025454,"remaining_time":0.5010842299},
{"learn":[11588293.13],"iteration":541,"passed_time":0.5912991239,"remaining_time":0.4996586692},
{"learn":[11580164.24],"iteration":542,"passed_time":0.5920279709,"remaining_time":0.4982629516},
{"learn":[11554943.37],"iteration":543,"passed_time":0.5927333372,"remaining_time":0.4968500032},
{"learn":[11527498.61],"iteration":544,"passed_time":0.5934252214,"remaining_time":0.4954283959},
{"learn":[11521683.84],"iteration":545,"passed_time":0.5941425783,"remaining_time":0.494030642},
{"learn":[11515341.86],"iteration":546,"passed_time":0.594889001,"remaining_time":0.4926594469},
{"learn":[11512337.59],"iteration":547,"passed_time":0.5956251745,"remaining_time":0.4912820783},
{"learn":[11484699.6],"iteration":548,"passed_time":0.5963782331,"remaining_time":0.4899209165},
{"learn":[11467879.82],"iteration":549,"passed_time":0.5971217232,"remaining_time":0.4885541372},
{"learn":[11444378.03],"iteration":550,"passed_time":0.5978248474,"remaining_time":0.4871567268},
{"learn":[11425246.61],"iteration":551,"passed_time":0.5985710299,"remaining_time":0.4857967779},
{"learn":[11415828.31],"iteration":552,"passed_time":0.5992823714,"remaining_time":0.4844108861},
{"learn":[11396856.76],"iteration":553,"passed_time":0.6000037619,"remaining_time":0.4830355195},
{"learn":[11381779.35],"iteration":554,"passed_time":0.6007330894,"remaining_time":0.4816688735},
{"learn":[11375033.6],"iteration":555,"passed_time":0.6014163159,"remaining_time":0.4802677055},
{"learn":[11368090.27],"iteration":556,"passed_time":0.6021411995,"remaining_time":0.4789022466},
{"learn":[11360971.69],"iteration":557,"passed_time":0.6028561242,"remaining_time":0.4775311952},
{"learn":[11330536.06],"iteration":558,"passed_time":0.603597052,"remaining_time":0.4761830053},
{"learn":[11318221.19],"iteration":559,"passed_time":0.6042992454,"remaining_time":0.47480655},
{"learn":[11288105.92],"iteration":560,"passed_time":0.6050176933,"remaining_time":0.4734452181},
{"learn":[11282387.29],"iteration":561,"passed_time":0.6057177648,"remaining_time":0.4720718523},
{"learn":[11271363.23],"iteration":562,"passed_time":0.6064042042,"remaining_time":0.4706902971},
{"learn":[11260238.04],"iteration":563,"passed_time":0.6070833572,"remaining_time":0.469305574},
{"learn":[11233238.6],"iteration":564,"passed_time":0.6078146064,"remaining_time":0.467963458},
{"learn":[11207524.68],"iteration":565,"passed_time":0.6085402406,"remaining_time":0.4666191951},
{"learn":[11194160.55],"iteration":566,"passed_time":0.6092630623,"remaining_time":0.4652749665},
{"learn":[11191045.85],"iteration":567,"passed_time":0.6099787277,"remaining_time":0.463927483},
{"learn":[11165990.83],"iteration":568,"passed_time":0.6106682198,"remaining_time":0.462562395},
{"learn":[11137885.65],"iteration":569,"passed_time":0.6113817133,"remaining_time":0.4612177837},
{"learn":[11104641.08],"iteration":570,"passed_time":0.6120698042,"remaining_time":0.4598562977},
{"learn":[11101562.64],"iteration":571,"passed_time":0.6127531408,"remaining_time":0.4584936089},
{"learn":[11076339.22],"iteration":572,"passed_time":0.6134808469,"remaining_time":0.4571663554},
{"learn":[11072959.53],"iteration":573,"passed_time":0.6141740423,"remaining_time":0.4558155784},
{"learn":[11036588.52],"iteration":574,"passed_time":0.6148823712,"remaining_time":0.4544782743},
{"learn":[11018354.06],"iteration":575,"passed_time":0.6155898292,"remaining_time":0.4531425132},
{"learn":[10992124.71],"iteration":576,"passed_time":0.6163443391,"remaining_time":0.4518434236},
{"learn":[10973887.54],"iteration":577,"passed_time":0.6170666103,"remaining_time":0.4505226809},
{"learn":[10959142.9],"iteration":578,"passed_time":0.6174659148,"remaining_time":0.4489691712},
{"learn":[10932488.28],"iteration":579,"passed_time":0.6181647353,"remaining_time":0.4476365324},
{"learn":[10924554.86],"iteration":580,"passed_time":0.6188583611,"remaining_time":0.4463023292},
{"learn":[10902630.31],"iteration":581,"passed_time":0.6195537584,"remaining_time":0.4449715997},
{"learn":[10889026.48],"iteration":582,"passed_time":0.6203462921,"remaining_time":0.4437125279},
{"learn":[10886378.88],"iteration":583,"passed_time":0.6210432308,"remaining_time":0.4423869589},
{"learn":[10868984.23],"iteration":584,"passed_time":0.621800413,"remaining_time":0.4411062759},
{"learn":[10845347.7],"iteration":585,"passed_time":0.6225323829,"remaining_time":0.4398095674},
{"learn":[10838819.51],"iteration":586,"passed_time":0.6232593783,"remaining_time":0.4385112832},
{"learn":[10808903.52],"iteration":587,"passed_time":0.6240691842,"remaining_time":0.4372729658},
{"learn":[10796701.89],"iteration":588,"passed_time":0.6249642088,"remaining_time":0.4360955685},
{"learn":[10785646.33],"iteration":589,"passed_time":0.6257304291,"remaining_time":0.4348296202},
{"learn":[10776977.24],"iteration":590,"passed_time":0.6267049643,"remaining_time":0.4337095269},
{"learn":[10749430.54],"iteration":591,"passed_time":0.6275007038,"remaining_time":0.4324667012},
{"learn":[10745502.08],"iteration":592,"passed_time":0.628256795,"remaining_time":0.4311981713},
{"learn":[10732555.78],"iteration":593,"passed_time":0.6290318801,"remaining_time":0.429944349},
{"learn":[10717952.05],"iteration":594,"passed_time":0.629855886,"remaining_time":0.428725435},
{"learn":[10705734.72],"iteration":595,"passed_time":0.6306376788,"remaining_time":0.4274792319},
{"learn":[10691809.46],"iteration":596,"passed_time":0.6313634131,"remaining_time":0.4261967428},
{"learn":[10663827.23],"iteration":597,"passed_time":0.6320904686,"remaining_time":0.424917004},
{"learn":[10637774.26],"iteration":598,"passed_time":0.6328449497,"remaining_time":0.4236574705},
{"learn":[10625774.91],"iteration":599,"passed_time":0.63366751,"remaining_time":0.4224450067},
{"learn":[10601645.09],"iteration":600,"passed_time":0.6345827734,"remaining_time":0.4212953854},
{"learn":[10594412.67],"iteration":601,"passed_time":0.6355650755,"remaining_time":0.4201908639},
{"learn":[10574106.77],"iteration":602,"passed_time":0.6367206676,"remaining_time":0.4192008375},
{"learn":[10563995.49],"iteration":603,"passed_time":0.6376619632,"remaining_time":0.418069764},
{"learn":[10554847.55],"iteration":604,"passed_time":0.6385000912,"remaining_time":0.4168719604},
{"learn":[10538143.06],"iteration":605,"passed_time":0.6393403037,"remaining_time":0.4156766991},
{"learn":[10514147.78],"iteration":606,"passed_time":0.6401904493,"remaining_time":0.4144890389},
{"learn":[10491279.97],"iteration":607,"passed_time":0.6409353907,"remaining_time":0.4132346598},
{"learn":[10483610.53],"iteration":608,"passed_time":0.6416929833,"remaining_time":0.4119900763},
{"learn":[10473010.76],"iteration":609,"passed_time":0.6424556204,"remaining_time":0.4107503147},
{"learn":[10466933.52],"iteration":610,"passed_time":0.6433529279,"remaining_time":0.4095978542},
{"learn":[10451184.69],"iteration":611,"passed_time":0.6442531127,"remaining_time":0.4084480519},
{"learn":[10431080.46],"iteration":612,"passed_time":0.6450638769,"remaining_time":0.4072426107},
{"learn":[10424851.89],"iteration":613,"passed_time":0.6458666452,"remaining_time":0.4060334284},
{"learn":[10410194.75],"iteration":614,"passed_time":0.6466680967,"remaining_time":0.4048247435},
{"learn":[10392745.67],"iteration":615,"passed_time":0.6474657593,"remaining_time":0.4036150188},
{"learn":[10369363.12],"iteration":616,"passed_time":0.6482139235,"remaining_time":0.4023759039},
{"learn":[10350009.9],"iteration":617,"passed_time":0.6489425203,"remaining_time":0.4011262828},
{"learn":[10347356.7],"iteration":618,"passed_time":0.6496426319,"remaining_time":0.3998608122},
{"learn":[10336680.7],"iteration":619,"passed_time":0.6503761431,"remaining_time":0.3986176361},
{"learn":[10329336.79],"iteration":620,"passed_time":0.6510862235,"remaining_time":0.3973618015},
{"learn":[10323402.66],"iteration":621,"passed_time":0.6517906389,"remaining_time":0.396104279},
{"learn":[10309578.15],"iteration":622,"passed_time":0.6525219682,"remaining_time":0.3948648186},
{"learn":[10300035.72],"iteration":623,"passed_time":0.6532349512,"remaining_time":0.3936159321},
{"learn":[10297736.06],"iteration":624,"passed_time":0.6539628474,"remaining_time":0.3923777084},
{"learn":[10291160.74],"iteration":625,"passed_time":0.6546752999,"remaining_time":0.3911318885},
{"learn":[10289639.47],"iteration":626,"passed_time":0.6553586366,"remaining_time":0.3898704489},
{"learn":[10287804.52],"iteration":627,"passed_time":0.6560625215,"remaining_time":0.3886230223},
{"learn":[10268860.82],"iteration":628,"passed_time":0.6567694591,"remaining_time":0.3873791245},
{"learn":[10245032.38],"iteration":629,"passed_time":0.6575150867,"remaining_time":0.3861596541},
{"learn":[10233599.86],"iteration":630,"passed_time":0.6583928604,"remaining_time":0.3850189627},
{"learn":[10221509.84],"iteration":631,"passed_time":0.6592776859,"remaining_time":0.3838832095},
{"learn":[10212746.2],"iteration":632,"passed_time":0.660048059,"remaining_time":0.382681892},
{"learn":[10204365.93],"iteration":633,"passed_time":0.6607855438,"remaining_time":0.381462948},
{"learn":[10182372.83],"iteration":634,"passed_time":0.6615810448,"remaining_time":0.3802788683},
{"learn":[10173538.31],"iteration":635,"passed_time":0.6623976015,"remaining_time":0.3791080612},
{"learn":[10166440.63],"iteration":636,"passed_time":0.6631681155,"remaining_time":0.3779121286},
{"learn":[10155685.95],"iteration":637,"passed_time":0.6639590869,"remaining_time":0.3767291371},
{"learn":[10146245.92],"iteration":638,"passed_time":0.6647231853,"remaining_time":0.3755321907},
{"learn":[10135486.91],"iteration":639,"passed_time":0.6654647837,"remaining_time":0.3743239408},
{"learn":[10112674.62],"iteration":640,"passed_time":0.6661973841,"remaining_time":0.3731121075},
{"learn":[10105552.41],"iteration":641,"passed_time":0.6669200156,"remaining_time":0.3718962081},
{"learn":[10097249.63],"iteration":642,"passed_time":0.6676557988,"remaining_time":0.3706891449},
{"learn":[10088555.72],"iteration":643,"passed_time":0.6683846259,"remaining_time":0.3694797},
{"learn":[10080781.81],"iteration":644,"passed_time":0.6691308131,"remaining_time":0.3682813003},
{"learn":[10069248.75],"iteration":645,"passed_time":0.6699834262,"remaining_time":0.3671426205},
{"learn":[10063098.59],"iteration":646,"passed_time":0.6706943173,"remaining_time":0.3659275023},
{"learn":[10047735.73],"iteration":647,"passed_time":0.6714456243,"remaining_time":0.3647358947},
{"learn":[10033613.85],"iteration":648,"passed_time":0.6722216072,"remaining_time":0.3635589894},
{"learn":[10015396.68],"iteration":649,"passed_time":0.6732388002,"remaining_time":0.3625132001},
{"learn":[10010093.57],"iteration":650,"passed_time":0.6739824365,"remaining_time":0.3613208454},
{"learn":[10004426.34],"iteration":651,"passed_time":0.674762865,"remaining_time":0.3601495047},
{"learn":[9992539.715],"iteration":652,"passed_time":0.675625369,"remaining_time":0.3590229756},
{"learn":[9982700.505],"iteration":653,"passed_time":0.6764651698,"remaining_time":0.3578852428},
{"learn":[9975535.625],"iteration":654,"passed_time":0.6772368314,"remaining_time":0.3567125295},
{"learn":[9971128.163],"iteration":655,"passed_time":0.6779805217,"remaining_time":0.3555263711},
{"learn":[9956272.819],"iteration":656,"passed_time":0.6787157845,"remaining_time":0.3543371599},
{"learn":[9925957.472],"iteration":657,"passed_time":0.6794375452,"remaining_time":0.3531423108},
{"learn":[9903488.973],"iteration":658,"passed_time":0.6801540113,"remaining_time":0.3519461576},
{"learn":[9887530.292],"iteration":659,"passed_time":0.6809679322,"remaining_time":0.350801662},
{"learn":[9865610.34],"iteration":660,"passed_time":0.6817703707,"remaining_time":0.3496522779},
{"learn":[9848747.454],"iteration":661,"passed_time":0.6825192055,"remaining_time":0.3484765732},
{"learn":[9843517.587],"iteration":662,"passed_time":0.6832100088,"remaining_time":0.3472726591},
{"learn":[9836294.951],"iteration":663,"passed_time":0.6838993108,"remaining_time":0.3460695308},
{"learn":[9819354.737],"iteration":664,"passed_time":0.6845962595,"remaining_time":0.3448717999},
{"learn":[9809508.126],"iteration":665,"passed_time":0.6853051389,"remaining_time":0.3436815561},
{"learn":[9800606.696],"iteration":666,"passed_time":0.6862238484,"remaining_time":0.3425975135},
{"learn":[9791827.001],"iteration":667,"passed_time":0.6871267861,"remaining_time":0.3415061272},
{"learn":[9763650.993],"iteration":668,"passed_time":0.688058489,"remaining_time":0.3404295364},
{"learn":[9754412.408],"iteration":669,"passed_time":0.6890430113,"remaining_time":0.3393793936},
{"learn":[9746931.68],"iteration":670,"passed_time":0.6898237444,"remaining_time":0.338229526},
{"learn":[9719867.385],"iteration":671,"passed_time":0.6906294558,"remaining_time":0.3370929487},
{"learn":[9707898.546],"iteration":672,"passed_time":0.6914501544,"remaining_time":0.3359646367},
{"learn":[9690705.642],"iteration":673,"passed_time":0.6921775602,"remaining_time":0.3347921137},
{"learn":[9673076.598],"iteration":674,"passed_time":0.6929384357,"remaining_time":0.3336370246},
{"learn":[9655447.086],"iteration":675,"passed_time":0.6936623584,"remaining_time":0.3324653907},
{"learn":[9644076.016],"iteration":676,"passed_time":0.69439625,"remaining_time":0.3312998357},
{"learn":[9637867.172],"iteration":677,"passed_time":0.6951034779,"remaining_time":0.3301228907},
{"learn":[9630036.141],"iteration":678,"passed_time":0.6958069724,"remaining_time":0.3289455643},
{"learn":[9626952.971],"iteration":679,"passed_time":0.6965303586,"remaining_time":0.3277789923},
{"learn":[9622796.544],"iteration":680,"passed_time":0.6973112919,"remaining_time":0.3266406786},
{"learn":[9600723.847],"iteration":681,"passed_time":0.6980069595,"remaining_time":0.3254636556},
{"learn":[9580598.055],"iteration":682,"passed_time":0.6987589524,"remaining_time":0.3243141843},
{"learn":[9572982.491],"iteration":683,"passed_time":0.6995570357,"remaining_time":0.3231871685},
{"learn":[9558074.872],"iteration":684,"passed_time":0.7004439683,"remaining_time":0.3221019708},
{"learn":[9547972.754],"iteration":685,"passed_time":0.7012584462,"remaining_time":0.3209841867},
{"learn":[9536624.236],"iteration":686,"passed_time":0.7021494672,"remaining_time":0.319902159},
{"learn":[9525467.326],"iteration":687,"passed_time":0.7030321761,"remaining_time":0.3188169171},
{"learn":[9505768.663],"iteration":688,"passed_time":0.7038982315,"remaining_time":0.317724746},
{"learn":[9504533.579],"iteration":689,"passed_time":0.704343731,"remaining_time":0.3164442849},
{"learn":[9498959.968],"iteration":690,"passed_time":0.7051685232,"remaining_time":0.3153358519},
{"learn":[9493157.348],"iteration":691,"passed_time":0.705906048,"remaining_time":0.3141893971},
{"learn":[9473763.781],"iteration":692,"passed_time":0.7066244058,"remaining_time":0.3130356314},
{"learn":[9455055.696],"iteration":693,"passed_time":0.7073548743,"remaining_time":0.3118884604},
{"learn":[9449515.904],"iteration":694,"passed_time":0.7080547056,"remaining_time":0.3107290435},
{"learn":[9430960.253],"iteration":695,"passed_time":0.7087675985,"remaining_time":0.3095766522},
{"learn":[9422080.482],"iteration":696,"passed_time":0.7095067447,"remaining_time":0.3084369349},
{"learn":[9410339.177],"iteration":697,"passed_time":0.7099222236,"remaining_time":0.307158326},
{"learn":[9391160.355],"iteration":698,"passed_time":0.7106295015,"remaining_time":0.3060078397},
{"learn":[9371881.989],"iteration":699,"passed_time":0.7113429549,"remaining_time":0.3048612664},
{"learn":[9352643.824],"iteration":700,"passed_time":0.7120727228,"remaining_time":0.3037228875},
{"learn":[9337624.492],"iteration":701,"passed_time":0.712803972,"remaining_time":0.3025863015},
{"learn":[9336367.495],"iteration":702,"passed_time":0.713306338,"remaining_time":0.3013541713},
{"learn":[9317683.122],"iteration":703,"passed_time":0.7141094362,"remaining_time":0.3002505584},
{"learn":[9302587.104],"iteration":704,"passed_time":0.7148970154,"remaining_time":0.2991413043},
{"learn":[9285129.8],"iteration":705,"passed_time":0.7157228934,"remaining_time":0.2980489103},
{"learn":[9261987.466],"iteration":706,"passed_time":0.7164833046,"remaining_time":0.296930139},
{"learn":[9242830.901],"iteration":707,"passed_time":0.7172743809,"remaining_time":0.2958250271},
{"learn":[9240777.733],"iteration":708,"passed_time":0.7180988589,"remaining_time":0.2947345105},
{"learn":[9236146.337],"iteration":709,"passed_time":0.7190251265,"remaining_time":0.2936863193},
{"learn":[9222598.865],"iteration":710,"passed_time":0.7198584302,"remaining_time":0.292600684},
{"learn":[9214270.68],"iteration":711,"passed_time":0.7206706774,"remaining_time":0.2915072403},
{"learn":[9190873.201],"iteration":712,"passed_time":0.7214792692,"remaining_time":0.290413114},
{"learn":[9180020.691],"iteration":713,"passed_time":0.7222152317,"remaining_time":0.2892906951},
{"learn":[9159668.943],"iteration":714,"passed_time":0.7229912716,"remaining_time":0.288185332},
{"learn":[9136222.934],"iteration":715,"passed_time":0.7237664798,"remaining_time":0.287080559},
{"learn":[9131816.635],"iteration":716,"passed_time":0.7245776299,"remaining_time":0.2859908916},
{"learn":[9120727.637],"iteration":717,"passed_time":0.7253452205,"remaining_time":0.2848848916},
{"learn":[9103279.022],"iteration":718,"passed_time":0.726168078,"remaining_time":0.2838014324},
{"learn":[9098371.171],"iteration":719,"passed_time":0.7269693233,"remaining_time":0.2827102924},
{"learn":[9076350.134],"iteration":720,"passed_time":0.7277883604,"remaining_time":0.2816268413},
{"learn":[9059403.52],"iteration":721,"passed_time":0.72873551,"remaining_time":0.2805934512},
{"learn":[9048542.199],"iteration":722,"passed_time":0.7295798757,"remaining_time":0.2795209206},
{"learn":[9045947.458],"iteration":723,"passed_time":0.7305155865,"remaining_time":0.2784838423},
{"learn":[9040863.983],"iteration":724,"passed_time":0.7314091297,"remaining_time":0.2774310492},
{"learn":[9022602.641],"iteration":725,"passed_time":0.7322321004,"remaining_time":0.2763520599},
{"learn":[9016450.538],"iteration":726,"passed_time":0.7330397013,"remaining_time":0.2752680034},
{"learn":[9009742.598],"iteration":727,"passed_time":0.733763604,"remaining_time":0.2741534345},
{"learn":[9005516.34],"iteration":728,"passed_time":0.7345850084,"remaining_time":0.2730761828},
{"learn":[8995672.755],"iteration":729,"passed_time":0.7355365698,"remaining_time":0.2720477724},
{"learn":[8981009.338],"iteration":730,"passed_time":0.7363152311,"remaining_time":0.2709559469},
{"learn":[8977034.323],"iteration":731,"passed_time":0.7370817916,"remaining_time":0.2698605467},
{"learn":[8974590.755],"iteration":732,"passed_time":0.7378091374,"remaining_time":0.2687517594},
{"learn":[8962586.256],"iteration":733,"passed_time":0.7385714041,"remaining_time":0.2676566669},
{"learn":[8955773.223],"iteration":734,"passed_time":0.73929895,"remaining_time":0.2665499616},
{"learn":[8947701.553],"iteration":735,"passed_time":0.7400329417,"remaining_time":0.2654465986},
{"learn":[8940151.123],"iteration":736,"passed_time":0.7407277585,"remaining_time":0.2643302585},
{"learn":[8913217.544],"iteration":737,"passed_time":0.7415739798,"remaining_time":0.2632688113},
{"learn":[8903240.959],"iteration":738,"passed_time":0.7423558883,"remaining_time":0.2621852325},
{"learn":[8894293.417],"iteration":739,"passed_time":0.7431253515,"remaining_time":0.2610980965},
{"learn":[8881059.892],"iteration":740,"passed_time":0.7438758077,"remaining_time":0.2600051744},
{"learn":[8872678.003],"iteration":741,"passed_time":0.7446340848,"remaining_time":0.2589158947},
{"learn":[8862889.281],"iteration":742,"passed_time":0.7455063392,"remaining_time":0.2578669303},
{"learn":[8859410.186],"iteration":743,"passed_time":0.7463537533,"remaining_time":0.2568098936},
{"learn":[8847558.49],"iteration":744,"passed_time":0.7471816666,"remaining_time":0.2557467449},
{"learn":[8842038.699],"iteration":745,"passed_time":0.7481375504,"remaining_time":0.2547277987},
{"learn":[8827026.988],"iteration":746,"passed_time":0.7490069923,"remaining_time":0.2536797444},
{"learn":[8821046.563],"iteration":747,"passed_time":0.7498590553,"remaining_time":0.2526263128},
{"learn":[8810831.718],"iteration":748,"passed_time":0.7506705257,"remaining_time":0.2515598157},
{"learn":[8791896.135],"iteration":749,"passed_time":0.7513936177,"remaining_time":0.2504645392},
{"learn":[8774637.71],"iteration":750,"passed_time":0.7521356765,"remaining_time":0.2493765425},
{"learn":[8757802.606],"iteration":751,"passed_time":0.7529346541,"remaining_time":0.248308237},
{"learn":[8741597.701],"iteration":752,"passed_time":0.7537602331,"remaining_time":0.2472493726},
{"learn":[8739377.679],"iteration":753,"passed_time":0.7545177596,"remaining_time":0.2461689242},
{"learn":[8726699.93],"iteration":754,"passed_time":0.7553974767,"remaining_time":0.2451289825},
{"learn":[8723179.652],"iteration":755,"passed_time":0.756153648,"remaining_time":0.2440495901},
{"learn":[8717306.264],"iteration":756,"passed_time":0.756867682,"remaining_time":0.2429575254},
{"learn":[8703609.663],"iteration":757,"passed_time":0.757561588,"remaining_time":0.2418600321},
{"learn":[8699095.504],"iteration":758,"passed_time":0.7582620799,"remaining_time":0.2407656934},
{"learn":[8693718.22],"iteration":759,"passed_time":0.7590854962,"remaining_time":0.2397112093},
{"learn":[8676724.89],"iteration":760,"passed_time":0.7600713605,"remaining_time":0.2387083511},
{"learn":[8672305.489],"iteration":761,"passed_time":0.7610778989,"remaining_time":0.2377119947},
{"learn":[8663023.062],"iteration":762,"passed_time":0.7618544484,"remaining_time":0.2366441733},
{"learn":[8643005.031],"iteration":763,"passed_time":0.7625373246,"remaining_time":0.2355481788},
{"learn":[8635552.056],"iteration":764,"passed_time":0.7632566332,"remaining_time":0.234464456},
{"learn":[8625742.744],"iteration":765,"passed_time":0.7640345439,"remaining_time":0.2333995865},
{"learn":[8611169.21],"iteration":766,"passed_time":0.7649064136,"remaining_time":0.2323640083},
{"learn":[8594521.296],"iteration":767,"passed_time":0.7656992257,"remaining_time":0.2313049744},
{"learn":[8584771.29],"iteration":768,"passed_time":0.7664983351,"remaining_time":0.2302485246},
{"learn":[8581109.696],"iteration":769,"passed_time":0.767267394,"remaining_time":0.229183767},
{"learn":[8577124.18],"iteration":770,"passed_time":0.7680346008,"remaining_time":0.2281192264},
{"learn":[8566652.196],"iteration":771,"passed_time":0.7688528472,"remaining_time":0.22707053},
{"learn":[8565222.478],"iteration":772,"passed_time":0.7695776107,"remaining_time":0.2259949775},
{"learn":[8550618.571],"iteration":773,"passed_time":0.7703437809,"remaining_time":0.2249324218},
{"learn":[8541630.385],"iteration":774,"passed_time":0.7710763813,"remaining_time":0.2238608849},
{"learn":[8522938.804],"iteration":775,"passed_time":0.7718771004,"remaining_time":0.2228098847},
{"learn":[8506204.109],"iteration":776,"passed_time":0.7726187549,"remaining_time":0.221742577},
{"learn":[8503184.496],"iteration":777,"passed_time":0.7733666189,"remaining_time":0.2206778784},
{"learn":[8496310.255],"iteration":778,"passed_time":0.7741653437,"remaining_time":0.2196284223},
{"learn":[8493463.991],"iteration":779,"passed_time":0.7749837703,"remaining_time":0.218585166},
{"learn":[8473342.691],"iteration":780,"passed_time":0.7757345668,"remaining_time":0.2175235213},
{"learn":[8456804.029],"iteration":781,"passed_time":0.7764749041,"remaining_time":0.2164597559},
{"learn":[8444510.193],"iteration":782,"passed_time":0.7771988769,"remaining_time":0.2153922813},
{"learn":[8432462.221],"iteration":783,"passed_time":0.7779810413,"remaining_time":0.2143417154},
{"learn":[8420554.023],"iteration":784,"passed_time":0.7787578409,"remaining_time":0.2132903641},
{"learn":[8412940.541],"iteration":785,"passed_time":0.7794796918,"remaining_time":0.2122247507},
{"learn":[8404843.047],"iteration":786,"passed_time":0.7801975291,"remaining_time":0.2111589246},
{"learn":[8402038.165],"iteration":787,"passed_time":0.7809200305,"remaining_time":0.2100952366},
{"learn":[8389488.2],"iteration":788,"passed_time":0.7816244159,"remaining_time":0.2090275688},
{"learn":[8373241.86],"iteration":789,"passed_time":0.7823598788,"remaining_time":0.2079690817},
{"learn":[8371568.498],"iteration":790,"passed_time":0.7830984645,"remaining_time":0.2069122365},
{"learn":[8361181.974],"iteration":791,"passed_time":0.7835360691,"remaining_time":0.2057771495},
{"learn":[8348542.127],"iteration":792,"passed_time":0.784307494,"remaining_time":0.20473096},
{"learn":[8330093.86],"iteration":793,"passed_time":0.7850342292,"remaining_time":0.203673868},
{"learn":[8316726.927],"iteration":794,"passed_time":0.7857310478,"remaining_time":0.2026098928},
{"learn":[8304313.462],"iteration":795,"passed_time":0.7864390964,"remaining_time":0.2015497182},
{"learn":[8290163.643],"iteration":796,"passed_time":0.7871780225,"remaining_time":0.2004982918},
{"learn":[8273971.453],"iteration":797,"passed_time":0.7878773033,"remaining_time":0.1994376131},
{"learn":[8271061.626],"iteration":798,"passed_time":0.7887044315,"remaining_time":0.1984100009},
{"learn":[8267721.811],"iteration":799,"passed_time":0.7893919519,"remaining_time":0.197347988},
{"learn":[8265962.899],"iteration":800,"passed_time":0.7902346601,"remaining_time":0.1963254649},
{"learn":[8253029.704],"iteration":801,"passed_time":0.7910953642,"remaining_time":0.1953078331},
{"learn":[8249400.399],"iteration":802,"passed_time":0.7918207282,"remaining_time":0.1942573891},
{"learn":[8246652.531],"iteration":803,"passed_time":0.7925502459,"remaining_time":0.1932087664},
{"learn":[8243961.374],"iteration":804,"passed_time":0.7932530798,"remaining_time":0.1921544728},
{"learn":[8222417.082],"iteration":805,"passed_time":0.7939650719,"remaining_time":0.1911032555},
{"learn":[8215337.589],"iteration":806,"passed_time":0.794691647,"remaining_time":0.1900563666},
{"learn":[8210949.318],"iteration":807,"passed_time":0.7953942308,"remaining_time":0.1890045697},
{"learn":[8206528.942],"iteration":808,"passed_time":0.7961373205,"remaining_time":0.1879631993},
{"learn":[8190157.706],"iteration":809,"passed_time":0.7968540868,"remaining_time":0.1869163907},
{"learn":[8181910.473],"iteration":810,"passed_time":0.7975618852,"remaining_time":0.1858683062},
{"learn":[8174952.274],"iteration":811,"passed_time":0.7983163851,"remaining_time":0.1848318724},
{"learn":[8162822.559],"iteration":812,"passed_time":0.7990119126,"remaining_time":0.1837825678},
{"learn":[8156466.003],"iteration":813,"passed_time":0.7997326224,"remaining_time":0.1827398867},
{"learn":[8154492.405],"iteration":814,"passed_time":0.8004358667,"remaining_time":0.1816940311},
{"learn":[8142433.87],"iteration":815,"passed_time":0.8011202343,"remaining_time":0.1806447587},
{"learn":[8135298.745],"iteration":816,"passed_time":0.8018151313,"remaining_time":0.1795987381},
{"learn":[8112668.478],"iteration":817,"passed_time":0.802621193,"remaining_time":0.1785783094},
{"learn":[8099406.121],"iteration":818,"passed_time":0.8034598275,"remaining_time":0.1775656029},
{"learn":[8096029.525],"iteration":819,"passed_time":0.8042126398,"remaining_time":0.1765344819},
{"learn":[8088629.035],"iteration":820,"passed_time":0.8049855421,"remaining_time":0.175508419},
{"learn":[8079816.243],"iteration":821,"passed_time":0.8059494617,"remaining_time":0.174524336},
{"learn":[8064792.822],"iteration":822,"passed_time":0.8066485824,"remaining_time":0.1734833525},
{"learn":[8049382.689],"iteration":823,"passed_time":0.8073763646,"remaining_time":0.1724493206},
{"learn":[8040437.655],"iteration":824,"passed_time":0.8081305242,"remaining_time":0.1714216263},
{"learn":[8035435.921],"iteration":825,"passed_time":0.8089737228,"remaining_time":0.1704133508},
{"learn":[8028738.572],"iteration":826,"passed_time":0.8098441255,"remaining_time":0.1694111653},
{"learn":[8009967.862],"iteration":827,"passed_time":0.8106148715,"remaining_time":0.1683885965},
{"learn":[8002091.883],"iteration":828,"passed_time":0.8114017902,"remaining_time":0.1673699712},
{"learn":[7994366.396],"iteration":829,"passed_time":0.8121809119,"remaining_time":0.1663503073},
{"learn":[7986414.51],"iteration":830,"passed_time":0.812924422,"remaining_time":0.1653239799},
{"learn":[7972292.778],"iteration":831,"passed_time":0.8136462628,"remaining_time":0.1642939569},
{"learn":[7970321.32],"iteration":832,"passed_time":0.8143669827,"remaining_time":0.1632644491},
{"learn":[7955250.609],"iteration":833,"passed_time":0.8152250188,"remaining_time":0.1622630133},
{"learn":[7947766.39],"iteration":834,"passed_time":0.816021586,"remaining_time":0.1612497745},
{"learn":[7945734.647],"iteration":835,"passed_time":0.8167406744,"remaining_time":0.1602218548},
{"learn":[7931182.764],"iteration":836,"passed_time":0.8174764376,"remaining_time":0.1591979203},
{"learn":[7911411.138],"iteration":837,"passed_time":0.8181857373,"remaining_time":0.1581695578},
{"learn":[7906181.668],"iteration":838,"passed_time":0.8189223413,"remaining_time":0.1571471954},
{"learn":[7902208.263],"iteration":839,"passed_time":0.8196141054,"remaining_time":0.1561169725},
{"learn":[7892641.048],"iteration":840,"passed_time":0.8203422119,"remaining_time":0.1550944253},
{"learn":[7876571.83],"iteration":841,"passed_time":0.8210337258,"remaining_time":0.154065711},
{"learn":[7865171.297],"iteration":842,"passed_time":0.8217742132,"remaining_time":0.1530469175},
{"learn":[7863562.643],"iteration":843,"passed_time":0.8225481703,"remaining_time":0.1520349699},
{"learn":[7850566.426],"iteration":844,"passed_time":0.8232682996,"remaining_time":0.1510137118},
{"learn":[7847819.389],"iteration":845,"passed_time":0.824103653,"remaining_time":0.1500141401},
{"learn":[7835641.011],"iteration":846,"passed_time":0.8248786454,"remaining_time":0.1490040528},
{"learn":[7821884.96],"iteration":847,"passed_time":0.8256638782,"remaining_time":0.1479963555},
{"learn":[7818710.767],"iteration":848,"passed_time":0.8264065358,"remaining_time":0.14698161},
{"learn":[7815940.373],"iteration":849,"passed_time":0.8271907538,"remaining_time":0.1459748389},
{"learn":[7803234.674],"iteration":850,"passed_time":0.8279274178,"remaining_time":0.1449602647},
{"learn":[7798161.862],"iteration":851,"passed_time":0.8286265184,"remaining_time":0.1439398178},
{"learn":[7795828.489],"iteration":852,"passed_time":0.8293384004,"remaining_time":0.1429223269},
{"learn":[7779585.201],"iteration":853,"passed_time":0.8300744039,"remaining_time":0.1419096756},
{"learn":[7778219.082],"iteration":854,"passed_time":0.8307707921,"remaining_time":0.1408909531},
{"learn":[7765346.72],"iteration":855,"passed_time":0.8315445073,"remaining_time":0.1398859919},
{"learn":[7763209.831],"iteration":856,"passed_time":0.8324078842,"remaining_time":0.1388965314},
{"learn":[7748538.364],"iteration":857,"passed_time":0.8332112183,"remaining_time":0.1378974277},
{"learn":[7745186.598],"iteration":858,"passed_time":0.8339431481,"remaining_time":0.1368870592},
{"learn":[7730215.996],"iteration":859,"passed_time":0.8346499356,"remaining_time":0.1358732453},
{"learn":[7718849.89],"iteration":860,"passed_time":0.8353373059,"remaining_time":0.1348570099},
{"learn":[7699428.443],"iteration":861,"passed_time":0.8360301209,"remaining_time":0.1338424092},
{"learn":[7685150.26],"iteration":862,"passed_time":0.836833019,"remaining_time":0.1328460297},
{"learn":[7682204.049],"iteration":863,"passed_time":0.8379064703,"remaining_time":0.1318926851},
{"learn":[7674414.756],"iteration":864,"passed_time":0.838675134,"remaining_time":0.1308914949},
{"learn":[7666371.631],"iteration":865,"passed_time":0.839518833,"remaining_time":0.1299024522},
{"learn":[7664811.357],"iteration":866,"passed_time":0.8402498207,"remaining_time":0.1288964546},
{"learn":[7651259.476],"iteration":867,"passed_time":0.8410430749,"remaining_time":0.1279005598},
{"learn":[7646673.48],"iteration":868,"passed_time":0.8417962336,"remaining_time":0.126899087},
{"learn":[7645784.731],"iteration":869,"passed_time":0.8424993078,"remaining_time":0.1258907012},
{"learn":[7640163.465],"iteration":870,"passed_time":0.8432381938,"remaining_time":0.1248883203},
{"learn":[7616094.533],"iteration":871,"passed_time":0.8439466027,"remaining_time":0.1238820701},
{"learn":[7611588.486],"iteration":872,"passed_time":0.8446768911,"remaining_time":0.1228796852},
{"learn":[7596972.19],"iteration":873,"passed_time":0.8456041861,"remaining_time":0.1219063243},
{"learn":[7592434.905],"iteration":874,"passed_time":0.8463850041,"remaining_time":0.1209121434},
{"learn":[7578790.958],"iteration":875,"passed_time":0.8471163734,"remaining_time":0.1199114501},
{"learn":[7564730.256],"iteration":876,"passed_time":0.8478540082,"remaining_time":0.1189122497},
{"learn":[7552253.155],"iteration":877,"passed_time":0.8486086182,"remaining_time":0.1179160039},
{"learn":[7540323.634],"iteration":878,"passed_time":0.8493262853,"remaining_time":0.1169152224},
{"learn":[7528384.399],"iteration":879,"passed_time":0.8500261467,"remaining_time":0.1159126564},
{"learn":[7523259.853],"iteration":880,"passed_time":0.8507540229,"remaining_time":0.1149145615},
{"learn":[7516793.041],"iteration":881,"passed_time":0.8514555057,"remaining_time":0.1139135484},
{"learn":[7500800.982],"iteration":882,"passed_time":0.8521790781,"remaining_time":0.1129161406},
{"learn":[7486918.805],"iteration":883,"passed_time":0.8528743954,"remaining_time":0.1119156446},
{"learn":[7483719.492],"iteration":884,"passed_time":0.8536006101,"remaining_time":0.1109198533},
{"learn":[7470132.56],"iteration":885,"passed_time":0.854338325,"remaining_time":0.1099261502},
{"learn":[7453372.611],"iteration":886,"passed_time":0.8550392173,"remaining_time":0.1089283332},
{"learn":[7451849.189],"iteration":887,"passed_time":0.8557406701,"remaining_time":0.1079312557},
{"learn":[7444691.987],"iteration":888,"passed_time":0.8564852411,"remaining_time":0.106940227},
{"learn":[7436220.73],"iteration":889,"passed_time":0.8573722338,"remaining_time":0.1059673547},
{"learn":[7433907.56],"iteration":890,"passed_time":0.8581065958,"remaining_time":0.1049760033},
{"learn":[7421502.055],"iteration":891,"passed_time":0.8588681218,"remaining_time":0.103988517},
{"learn":[7419675.99],"iteration":892,"passed_time":0.8596030743,"remaining_time":0.1029983527},
{"learn":[7411083.033],"iteration":893,"passed_time":0.860352971,"remaining_time":0.1020105312},
{"learn":[7405428.438],"iteration":894,"passed_time":0.8611338682,"remaining_time":0.1010268784},
{"learn":[7392330.673],"iteration":895,"passed_time":0.86183434,"remaining_time":0.100034343},
{"learn":[7383589.368],"iteration":896,"passed_time":0.8625996395,"remaining_time":0.09904990286},
{"learn":[7370919.352],"iteration":897,"passed_time":0.8634815524,"remaining_time":0.09807919638},
{"learn":[7370643.997],"iteration":898,"passed_time":0.8638935482,"remaining_time":0.09705589363},
{"learn":[7367971.545],"iteration":899,"passed_time":0.8646221351,"remaining_time":0.09606912612},
{"learn":[7365558.778],"iteration":900,"passed_time":0.8653470687,"remaining_time":0.0950825303},
{"learn":[7351149.854],"iteration":901,"passed_time":0.8660678786,"remaining_time":0.09409606663},
{"learn":[7337602.896],"iteration":902,"passed_time":0.8667915711,"remaining_time":0.09311050099},
{"learn":[7326950.453],"iteration":903,"passed_time":0.8675071864,"remaining_time":0.09212465696},
{"learn":[7322005.345],"iteration":904,"passed_time":0.8682814055,"remaining_time":0.0911455619},
{"learn":[7315093.63],"iteration":905,"passed_time":0.8690508869,"remaining_time":0.09016642756},
{"learn":[7301593.844],"iteration":906,"passed_time":0.8697754102,"remaining_time":0.08918314569},
{"learn":[7296321.184],"iteration":907,"passed_time":0.8704754116,"remaining_time":0.08819794919},
{"learn":[7292125.302],"iteration":908,"passed_time":0.8712018265,"remaining_time":0.08721602444},
{"learn":[7285885.444],"iteration":909,"passed_time":0.8719023885,"remaining_time":0.08623210436},
{"learn":[7272573.34],"iteration":910,"passed_time":0.8726118183,"remaining_time":0.0852496727},
{"learn":[7259835.14],"iteration":911,"passed_time":0.8733113794,"remaining_time":0.08426688749},
{"learn":[7245442.335],"iteration":912,"passed_time":0.8740349118,"remaining_time":0.08328700693},
{"learn":[7233393.08],"iteration":913,"passed_time":0.8747815847,"remaining_time":0.08230986464},
{"learn":[7226115.802],"iteration":914,"passed_time":0.8756194085,"remaining_time":0.08134169368},
{"learn":[7219432.112],"iteration":915,"passed_time":0.8763778618,"remaining_time":0.08036652881},
{"learn":[7211280.427],"iteration":916,"passed_time":0.8771258659,"remaining_time":0.07939089081},
{"learn":[7201256.476],"iteration":917,"passed_time":0.8779159134,"remaining_time":0.07841950425},
{"learn":[7190469.059],"iteration":918,"passed_time":0.8786314887,"remaining_time":0.07744194841},
{"learn":[7178087.309],"iteration":919,"passed_time":0.879358488,"remaining_time":0.07646595548},
{"learn":[7166201.36],"iteration":920,"passed_time":0.8801332259,"remaining_time":0.07549459809},
{"learn":[7149730.912],"iteration":921,"passed_time":0.880998444,"remaining_time":0.07453132173},
{"learn":[7147245.028],"iteration":922,"passed_time":0.881740438,"remaining_time":0.07355797803},
{"learn":[7135328.027],"iteration":923,"passed_time":0.8824623089,"remaining_time":0.07258347995},
{"learn":[7125521.393],"iteration":924,"passed_time":0.8831979119,"remaining_time":0.07161064151},
{"learn":[7111736.785],"iteration":925,"passed_time":0.8839314732,"remaining_time":0.07063815228},
{"learn":[7105397.297],"iteration":926,"passed_time":0.8846617715,"remaining_time":0.0696659216},
{"learn":[7094105.867],"iteration":927,"passed_time":0.8853753551,"remaining_time":0.06869291548},
{"learn":[7079567.967],"iteration":928,"passed_time":0.8860749462,"remaining_time":0.06771939847},
{"learn":[7066032.493],"iteration":929,"passed_time":0.8869313047,"remaining_time":0.06675827025},
{"learn":[7057851.767],"iteration":930,"passed_time":0.8877093254,"remaining_time":0.06579156118},
{"learn":[7048408.048],"iteration":931,"passed_time":0.8883936029,"remaining_time":0.06481841738},
{"learn":[7039450.327],"iteration":932,"passed_time":0.8891366927,"remaining_time":0.06385011619},
{"learn":[7029810.823],"iteration":933,"passed_time":0.8898893208,"remaining_time":0.06288297128},
{"learn":[7018117.998],"iteration":934,"passed_time":0.8906096704,"remaining_time":0.06191404126},
{"learn":[7011647.845],"iteration":935,"passed_time":0.8913316013,"remaining_time":0.06094575052},
{"learn":[7004292.976],"iteration":936,"passed_time":0.8920604284,"remaining_time":0.05997844929},
{"learn":[7001929.55],"iteration":937,"passed_time":0.892756126,"remaining_time":0.05900946675},
{"learn":[6997227.822],"iteration":938,"passed_time":0.8934956626,"remaining_time":0.05804391418},
{"learn":[6984466.201],"iteration":939,"passed_time":0.8942206562,"remaining_time":0.05707791423},
{"learn":[6983553.016],"iteration":940,"passed_time":0.894909728,"remaining_time":0.05611017423},
{"learn":[6981123.617],"iteration":941,"passed_time":0.8955887008,"remaining_time":0.05514240408},
{"learn":[6968025.392],"iteration":942,"passed_time":0.896294007,"remaining_time":0.05417683817},
{"learn":[6957529.917],"iteration":943,"passed_time":0.897038598,"remaining_time":0.05321415412},
{"learn":[6943989.714],"iteration":944,"passed_time":0.8977585272,"remaining_time":0.05225049629},
{"learn":[6941442.037],"iteration":945,"passed_time":0.8985188722,"remaining_time":0.05128966078},
{"learn":[6940694.906],"iteration":946,"passed_time":0.8992131386,"remaining_time":0.05032555052},
{"learn":[6931522.475],"iteration":947,"passed_time":0.9000132241,"remaining_time":0.04936781398},
{"learn":[6922011.74],"iteration":948,"passed_time":0.9007237149,"remaining_time":0.04840559479},
{"learn":[6913379.536],"iteration":949,"passed_time":0.901478636,"remaining_time":0.047446244},
{"learn":[6910520.586],"iteration":950,"passed_time":0.9022076932,"remaining_time":0.0464859905},
{"learn":[6902359.217],"iteration":951,"passed_time":0.9029575089,"remaining_time":0.04552726936},
{"learn":[6893628.24],"iteration":952,"passed_time":0.9036763972,"remaining_time":0.04456746135},
{"learn":[6887574.298],"iteration":953,"passed_time":0.9044468551,"remaining_time":0.043610645},
{"learn":[6877149.135],"iteration":954,"passed_time":0.9052361471,"remaining_time":0.04265510641},
{"learn":[6873100.059],"iteration":955,"passed_time":0.906123615,"remaining_time":0.04170443416},
{"learn":[6862447.621],"iteration":956,"passed_time":0.9068451656,"remaining_time":0.040746439},
{"learn":[6855074.032],"iteration":957,"passed_time":0.9076003452,"remaining_time":0.03979041179},
{"learn":[6853065.213],"iteration":958,"passed_time":0.9083773363,"remaining_time":0.03883573596},
{"learn":[6852148.179],"iteration":959,"passed_time":0.9091950358,"remaining_time":0.03788312649},
{"learn":[6840385.807],"iteration":960,"passed_time":0.9100565967,"remaining_time":0.03693257781},
{"learn":[6830159.998],"iteration":961,"passed_time":0.9109824892,"remaining_time":0.03598475529},
{"learn":[6824173.809],"iteration":962,"passed_time":0.911841927,"remaining_time":0.03503442502},
{"learn":[6812130.455],"iteration":963,"passed_time":0.9126369315,"remaining_time":0.03408187711},
{"learn":[6803185.689],"iteration":964,"passed_time":0.9133498444,"remaining_time":0.03312667829},
{"learn":[6793139.36],"iteration":965,"passed_time":0.9140662604,"remaining_time":0.0321721044},
{"learn":[6783918.386],"iteration":966,"passed_time":0.9148027843,"remaining_time":0.03121870929},
{"learn":[6774558.085],"iteration":967,"passed_time":0.9155680838,"remaining_time":0.03026671351},
{"learn":[6765072.763],"iteration":968,"passed_time":0.9163446597,"remaining_time":0.02931546383},
{"learn":[6753863.706],"iteration":969,"passed_time":0.9171346241,"remaining_time":0.02836498837},
{"learn":[6751577.363],"iteration":970,"passed_time":0.9179684248,"remaining_time":0.02741615275},
{"learn":[6741140.218],"iteration":971,"passed_time":0.9188676632,"remaining_time":0.02646943886},
{"learn":[6728507.528],"iteration":972,"passed_time":0.9196161377,"remaining_time":0.02551863897},
{"learn":[6720012.841],"iteration":973,"passed_time":0.920348678,"remaining_time":0.02456782919},
{"learn":[6716383.821],"iteration":974,"passed_time":0.9210505611,"remaining_time":0.02361668105},
{"learn":[6708380.463],"iteration":975,"passed_time":0.9217959229,"remaining_time":0.02266711286},
{"learn":[6699925.679],"iteration":976,"passed_time":0.9225834429,"remaining_time":0.02171895516},
{"learn":[6688792.171],"iteration":977,"passed_time":0.9233874467,"remaining_time":0.02077149676},
{"learn":[6686332.568],"iteration":978,"passed_time":0.9241701072,"remaining_time":0.0198238736},
{"learn":[6675583.761],"iteration":979,"passed_time":0.9249229756,"remaining_time":0.01887597909},
{"learn":[6665456.444],"iteration":980,"passed_time":0.9256313345,"remaining_time":0.01792762014},
{"learn":[6651632.475],"iteration":981,"passed_time":0.9263558877,"remaining_time":0.01698004682},
{"learn":[6642894.571],"iteration":982,"passed_time":0.9270486328,"remaining_time":0.01603237717},
{"learn":[6638836.299],"iteration":983,"passed_time":0.9278623495,"remaining_time":0.01508719268},
{"learn":[6626781.786],"iteration":984,"passed_time":0.9285805872,"remaining_time":0.01414082112},
{"learn":[6623475.563],"iteration":985,"passed_time":0.9293076527,"remaining_time":0.01319503766},
{"learn":[6617092.914],"iteration":986,"passed_time":0.9301625008,"remaining_time":0.01225138046},
{"learn":[6603960.279],"iteration":987,"passed_time":0.9309190524,"remaining_time":0.01130670914},
{"learn":[6594100.638],"iteration":988,"passed_time":0.9316754139,"remaining_time":0.01036241613},
{"learn":[6588351.454],"iteration":989,"passed_time":0.9324415541,"remaining_time":0.009418601557},
{"learn":[6577135.559],"iteration":990,"passed_time":0.9332889273,"remaining_time":0.008475883295},
{"learn":[6566485.485],"iteration":991,"passed_time":0.9340205268,"remaining_time":0.007532423603},
{"learn":[6555081.609],"iteration":992,"passed_time":0.934814661,"remaining_time":0.006589831447},
{"learn":[6547306.091],"iteration":993,"passed_time":0.9355637708,"remaining_time":0.005647266222},
{"learn":[6544901.178],"iteration":994,"passed_time":0.9363054454,"remaining_time":0.004705052489},
{"learn":[6540347.758],"iteration":995,"passed_time":0.9370163065,"remaining_time":0.003763117697},
{"learn":[6528950.064],"iteration":996,"passed_time":0.9377345441,"remaining_time":0.002821668638},
{"learn":[6517101.115],"iteration":997,"passed_time":0.938451891,"remaining_time":0.001880665112},
{"learn":[6504113.149],"iteration":998,"passed_time":0.9393046881,"remaining_time":0.000940244933},
{"learn":[6498457.21],"iteration":999,"passed_time":0.9400594482,"remaining_time":0}
]}